id,predicted_price
2591820310,358770.9149946039
7974200820,818829.6119733811
7701450110,1014795.7134535762
9522300010,1707084.157386636
9510861140,714891.0257523567
1761300310,255922.06282403562
7732410120,846442.3719625329
7010701383,601965.3585015924
291310170,411827.4308607101
4232901990,540068.9772567875
6840701125,713966.9234288012
3971700580,393683.1742501361
4202400078,234069.80244506738
6064800090,316152.3255336013
2626119028,263545.42064364644
3303980660,1123163.703644856
862000020,816517.0866853368
2386000070,935541.7992381282
1138000450,380983.7707809137
1775800420,428048.32322268636
2291401425,459717.30440381216
2025770560,939787.3775786426
3525069037,666335.3229218094
9324800450,544683.1669373785
8080400136,542214.3014179566
8651540040,526811.436943828
9407001790,253382.55346779374
1773101530,197969.62396900257
9432900250,317100.9193542283
1794500695,572442.2753597252
2220069003,347521.54581583675
923000120,453659.3110437623
5728000060,549549.3127529793
16000200,228855.0473337702
1926059094,392840.89306211285
6672900220,972763.0405732762
3629860060,838612.6860961469
1822069109,438741.53103388014
6675500105,371960.0387179752
249000180,1876651.4483822018
226059065,533207.7853521778
396100110,235748.15371815607
9264450460,312027.20423012495
7853361210,380156.1904716444
9474700020,329663.3462840471
421000455,253493.0169647875
3755200220,416187.201367833
7960100075,467743.1269561678
9477100490,409689.52129459253
9138100350,706095.7679300881
1624049275,482133.7999712587
2770606890,565285.6893310203
1157200189,462807.9010444016
2770601800,528038.566526198
9301300805,553732.2555422476
2325069032,1229758.701071803
1021079099,315576.8391195918
7215730040,710495.4562755253
1853200080,399887.1914998652
3224600340,692470.1254124342
3222049120,361626.80029021145
2113700025,290518.3531275941
7893207925,221685.27585537592
3586501085,598739.9533606848
8024200010,400820.5481037072
7116500705,174581.9799829283
1598600209,334761.8788496726
7204200025,680501.4624499087
4206901505,604496.5390897648
2937300440,945763.6738658038
7205000180,321537.21893330454
8718500665,378039.72008362843
5318101765,883503.6140042782
4122700020,974648.4129152657
8078700020,441126.68875765835
3303980680,861788.6399422268
8924100372,1204021.1985877578
2781270210,202673.64901283503
519000043,612480.6426642376
3225069301,1350181.0542622486
151000075,751172.5077755343
2297400020,435919.0374424907
6617500085,618916.3486102534
104510180,246871.99790428614
3528900060,965223.7909705767
3345100286,499168.2995526894
1226039130,410836.92603115056
8712100720,711632.3689415666
3037200010,399402.06575251505
3626039268,474095.5742263115
104510230,232390.67871751974
5112800060,376091.6212584594
6072400280,608825.2367788826
5317100570,1096370.334886745
9528102993,574873.9885565484
2919201095,504024.6713046487
6181400920,248030.6259162678
185000161,249410.4171652929
8691400010,746738.512769628
3345700165,546304.2482067685
6151800486,237443.53682933745
4340000080,1222378.2800253357
4136960010,507036.3769713261
3634100030,298478.5319523245
1624059224,979849.9301220265
2788400090,259891.51514404887
9828200762,500866.0965742617
7524400250,466261.76624241425
3528000290,701490.4924799979
5700003630,1891722.9152075867
2720069019,311458.94395525655
7227501170,233251.2271740979
2397101270,591110.0363961459
6792100090,765191.7069851416
2770602265,530774.1602152378
3971700937,294176.5178781772
422049203,221413.57950555353
3076500830,293433.41928386956
1423400260,297300.8936836145
9161100795,436397.8283710523
3126049052,489056.5001771612
5100401468,423022.1459292097
514500235,423461.46602409385
1423200170,214451.64646882116
1402100070,381775.96004672296
624110020,795192.1859583847
2407000145,218186.01026986536
1890000225,938248.6297525818
1320069271,304998.397958077
5490700085,394845.08551298716
263000155,459387.53981780185
3726800201,425564.4003961652
5153200358,308766.0336771215
2725079018,751813.3987373587
7165700200,269150.6333443695
9429000170,581396.02594712
8718500075,360392.5241696689
1760650950,310394.93851375685
1068000559,1323524.7809931878
4113800500,633928.6195893121
4077800507,489379.4455014573
2725069150,700326.9037431986
4008400035,719422.7222683278
7016310270,410675.4604399794
1432701230,210832.9820501442
3278606050,325434.9222699887
2473350710,378673.63675362116
2185000685,153657.6831537584
7792000025,384888.5315162877
6868200029,494194.0685848938
624069003,803105.2994270215
7431500280,878798.6510418257
3296000040,529543.7470890584
1118001215,1544670.5809033816
6453900040,815507.8947488238
333100209,1020919.6991539913
34001765,550471.7511906053
8946700100,399633.9622839982
5561401210,589787.8570512069
6671900095,352379.30643537553
3275850020,717034.6902042464
3876300600,424364.8325726067
1450900020,264614.8247938033
8562780280,322774.8877433162
7663700973,311240.1193419062
2126049032,336586.97481003404
1823059159,192430.59054714418
3438503426,247861.88860728167
9297301495,575577.736894624
7140700850,355050.25942778256
7942601805,831986.1594051601
2555900030,366129.7322875543
2887970040,271559.47488106263
7419700010,706326.7780554463
2239000011,389876.09517727705
9283800050,299525.16194867756
9407001340,246186.56624693118
217500140,497182.19935381174
7212660520,247122.28687856882
3298201170,360712.22030498413
3057000400,279749.41866534756
6865200444,484648.88977904996
6071600340,518899.9607670048
6821600005,690374.7445508285
1235100371,695503.4271820623
7796450340,352069.5834511352
3603000410,138872.31160704212
9297300255,481669.5974301781
9126100850,570203.5093487479
2770601462,500549.2386020602
2599001500,216812.899384836
1102000095,792070.6969575856
1853080640,915883.3352052703
9551201585,743150.5531419573
3438500796,326908.3855091082
7518504291,514367.5385023834
9269200340,428721.72939238953
715010130,1387524.7259643814
1982201485,634129.6919522812
9526500080,423307.18714539666
9277200180,441001.72532904625
6669150280,289909.8972809972
8917100153,621420.2707147972
3760500516,958687.9485035955
2725069050,958337.2455859932
3332000091,380227.1915070069
8562770080,610878.1264047021
8151601190,289176.220448061
8563040160,609432.3025396111
240000269,637857.7159534685
4307350200,321437.50879240275
1311910300,284147.8358015466
3574900030,498371.49069986964
7853230570,426902.71068605734
320069049,325924.9382187828
9839301060,676955.538559526
7011201333,589500.693021565
2781320100,278328.22348555794
3421069120,436667.82688626775
7852030320,482406.088823783
5316101075,2337483.5409313757
5309100750,551121.0728205648
629000730,630923.86187779
511700170,283771.7809275352
1562100030,557736.8257479012
2489200230,583861.8783518701
524069116,508388.81655313395
5315100737,1052644.5551112837
1868900675,920717.9827267341
1608000120,346169.65431203315
705700240,326334.03612390964
7575600610,267677.4725023557
1778500015,715960.6825369322
5423500240,203444.23121459407
6713700025,342032.929622586
2734100734,310608.6351615886
301402280,193277.5947955573
2113700205,273313.3546331612
4114601570,2450982.530016537
3332000615,344007.85755112965
3630050180,354028.3307588232
6852700520,532584.0087388502
6870310010,700198.6526009586
6163900981,295186.51332800364
393000142,392131.1435509569
1771100130,326461.9832898486
1442860160,393578.232766813
9191200435,517469.48477503855
6788200800,1025665.4998235175
1115300070,636984.6184500563
3176600105,714700.4033916359
2770604665,579830.012660354
5469500580,423578.54674998496
5680000545,437945.28561227507
3424089119,518298.1007811118
1328300180,319077.66633073287
1773100922,327514.0679366224
4123830480,327563.49860598514
9808610190,923270.900028965
4250200140,278374.67425710673
4217402115,2554136.0663289786
3831250350,361285.60848878825
2397101055,743902.4643394181
6817850110,841433.6861894142
7526800200,641579.7027907629
7853370100,605434.3312019629
2523089025,861787.7690855837
9476200680,244381.5671350427
5714200140,418352.6049577168
3575304895,559298.9365842984
263000018,401169.90280338906
8080400177,494043.47269629716
6450304130,318982.41079783725
514500090,557589.2576668344
9477000300,433828.09628250916
853600310,1308784.039225726
1951600240,202256.04198128576
1099900120,329347.32354755665
5323100120,557621.1518754122
1223089016,437488.23496076
522059172,249682.95778176835
1930300190,624417.90973611
9542840410,303493.7111297296
8665050530,480830.5697279282
5592900205,314376.9521061307
5450300010,660650.5604437994
2459960030,343639.62663550687
3331500455,600649.9184446663
3432500705,426128.41373111826
3702900165,333057.41392300004
5249803550,596539.5788398652
626049058,468552.42403539433
1788900380,195716.45905381368
8075400360,211811.22969294497
9113200250,698454.8710217619
2738640040,740193.3018626932
7821200307,493124.48698439245
3530440140,230597.58733317733
3582700130,438591.7746745534
9276200569,713351.5186962716
7197800020,575318.9778637529
686200490,533309.0847329083
3501600100,364416.87641170825
6383000690,597146.9186156573
7604400150,360571.9368434303
5249801411,691416.9425799772
2607720420,446917.2087374239
9561100010,427294.2105966902
1796370590,259718.83708157495
4077800593,395157.3837186552
854000165,242904.4738149729
5536100010,763664.5051543114
4188000670,827349.0015742843
31000165,1279542.251215519
662350050,881995.2831075975
4137000280,262698.51668954786
6169901130,930428.3515668128
1953400510,233167.9432497129
7518506716,973587.7186512508
1552520010,356184.74354669405
7955080270,300655.4779619605
9212900100,561388.1641009673
3438500798,326888.7514207439
7899800890,215352.96230008238
4319200605,456608.1658454701
1329300480,371560.89954684203
8935100100,810398.9305198638
5016001260,371255.87236863206
4337600280,271470.3348571226
1446401220,196790.47735050562
7135521530,663555.42805069
6888900115,281691.37364067434
2413301070,298653.70625241625
345700040,299916.60879373725
5566100145,496520.128030901
7634800070,367684.46533381875
9346910500,577878.5299929138
3529300060,311876.40043981693
8128600060,1152431.8334762321
8572900275,205852.8913847812
4139420590,1363811.1278954512
9274200322,564506.0815746
1472700200,583684.053759617
8820903380,625323.1594704714
8563010130,863532.5085980602
8965450110,889818.1672530358
9274204230,508601.06255090074
8165501700,337042.4310530531
2193340260,539278.1851446206
1860600290,885810.9564784501
1222000055,177005.4663817321
2492200280,445925.1562180199
2488200455,410060.1438647948
809001520,958939.8100755074
1796361140,239965.23910985465
6398000011,696135.5297063936
6813600365,565191.237240514
7504100920,815260.4841689555
8835770330,623217.5210577182
524059322,814189.8400366515
4307330280,359079.11048129754
1245002952,1045828.5803157607
2021069059,275460.16389436176
5700000595,627748.933696026
3629970930,757200.5335353649
3336002215,257605.64963776708
5100401060,645035.3542761378
3278600750,243173.45107621435
1126069045,1151972.8972552093
7568700175,328933.056407161
452001475,477431.7850186349
9283800230,451182.9582964033
1737300130,560753.5269985733
6189600040,528741.8968925957
3679400025,519946.18966151116
1096100010,316969.1252555814
9513900050,244201.57743970555
5452800645,692531.1923522962
273800100,232569.07687171132
7228500037,459498.8731702652
808300090,474860.5798250467
2493200215,531696.7581854858
5035300255,753220.3299903133
3380900160,383181.4010906482
3630000130,427604.8386636641
7300400670,285414.07748274866
6798100070,368093.8450231199
8078400010,584010.0335710141
5566100060,536271.7012867583
2768200212,520679.78053652815
4035900060,544384.4205906213
9460000110,352780.75270161405
7199320190,584852.0079942069
2225039081,502071.1769655593
9512200050,522604.2397124357
2634500085,323702.5096638559
3654800200,273362.7327531981
2724079090,1030336.8105160139
2597520720,842042.4393733816
3034200426,389502.360419701
984000130,276226.4864180893
7852020670,411504.33029407833
7923500060,784695.3890251752
2310030510,271206.0967266351
2205500540,484596.3349719465
2493200015,462631.3085213307
7853361420,563761.5464605524
5652600605,596261.6705321344
5285200020,283544.86688228167
9406530150,370433.20832639554
5706300020,478553.9398602074
3278602490,409006.18623598997
7197000100,523066.7995413959
4447300008,585412.9036018129
7899800045,221985.0313264831
9250900095,325571.7710442797
9268851740,656886.6220649134
8682261440,515664.7939551443
7284900385,948484.3505559432
8079040300,438356.43107906776
2225300585,408224.867306177
3223039013,448178.6569679373
2013801350,261587.69483671978
4055701110,703860.0314740975
3578401770,426379.2690336828
4046500720,591749.3705259651
6145601745,365448.936221541
5207200195,666384.3249809378
1972201856,557320.8713324607
7212680080,268277.1139326374
7277100510,626476.631854349
522079022,560981.2543837861
5605000440,812078.7786381283
6632300230,336732.98478182126
8815400165,649675.491840782
6708200320,497579.94293074234
2426059076,563509.5520925765
3260200200,556911.5788870961
2770601741,516601.58301923075
4338800500,242191.18523283
9201000320,751157.5064002924
7655900038,334563.54292789055
3625059140,508470.6284970833
4222310010,215853.88536449464
2114700115,317430.75258565805
3291800710,330967.1415314901
9406590010,379337.08958219306
3025059124,1772648.156927287
7972601250,363992.80190731515
930000470,1013456.0609406837
6690500060,480558.3493468356
16000015,199770.53837969902
5693501102,578143.6773880855
8079040490,443463.56067938363
7225000155,371587.1429389935
8819900170,804348.2224083676
7972601270,333331.36623260635
1224069074,760543.6265000232
5126900321,369226.31864568015
3438501860,275343.9467474743
2822069080,458751.63542903
1656600310,547289.1014160892
3856900507,1178855.6924607088
1626069139,532891.7399746433
2524049257,1295739.6834658314
3904960150,532006.3172906607
7214820610,461301.1234416625
7977201845,629366.9250881963
2428100080,865852.9637938549
2202500135,417597.8985492161
1523550220,597764.4629458619
2313900610,422891.4214051345
4123840050,392471.6774672434
2125059124,1081030.895564387
1225039067,472045.45731454453
6431500283,478774.24422475335
2473380010,296298.47432990535
5694501195,388084.5654126524
2881700046,373525.60407680453
6837820330,317269.2124007959
2337300370,196954.8866540671
3876540630,229487.80609212175
626059317,344953.9413994178
3374500520,354319.8605991417
7228501903,401174.77600341005
4019300051,432106.4195926055
4232902615,557064.4833772766
3546000090,259332.5766448603
8127700215,731552.602035319
3438501100,287546.9973117276
1769600066,669879.9117535757
8146100610,715832.9196370948
3052700695,602406.5084708772
7954310210,586743.5393218363
3761700053,1028773.9417447164
1320069179,337864.6916216966
1331900410,830591.5444923663
7303100210,357935.33470993745
2464400285,505506.5129184956
6163901150,367567.82005484804
8955800045,300656.59747342515
2314300200,401597.6079754751
9528104360,404802.9274349591
4177100005,609438.764036232
8856960260,322010.54159558826
1828001220,633631.491826156
3066400710,627819.0245422053
624110610,830723.8392500432
4040800260,413340.5139927984
5019500215,415456.8591705225
2481630180,1058297.3464836061
7203170190,692328.8205306352
510001280,786113.5236540409
9430110120,677424.8922582993
1565950030,329258.42328110803
9828202255,784897.0566834882
3878900270,424004.2185626258
8091600080,213167.83361611224
1112000035,342114.59685112484
2228900270,295270.24481021275
6648701740,280601.70941842184
1245003740,717527.5193001587
2174503441,517626.59727857803
7708250010,306034.81701504544
6072300110,570689.9512498735
2329800140,229397.7755254446
1494300040,552554.199236987
3832050130,270174.06179572776
7203100730,944885.0641008168
7199330170,500293.0787704764
7785000220,629818.5134197029
1250201175,404300.5249868055
4054500180,1005412.6181001641
7905200061,430037.584613089
3751604895,201079.04146305448
5220300140,256796.00115845146
3323059027,319677.36467713554
8651611980,882230.5828976512
8673400190,562284.1988804294
1668500100,878052.5044814203
1023059365,510693.53189851745
3308030060,316018.3221365741
4232400860,1000997.9365966126
2144800615,216753.01473940318
1568100920,904358.0466330302
9406510040,512933.95494676573
2923049421,328920.4084032416
1051000040,1734620.8463843358
2077700042,614452.6938087995
9423800030,288449.1233155945
9818700455,694174.2777515815
7133300675,357294.26859175914
4113800550,617908.0113418376
5553300375,1419663.7280539903
2025701530,280578.9893315514
7942601155,439646.55084113375
7524300020,270827.62192426954
2520069100,318672.79668764933
5412300410,224089.42462108255
7504110760,724548.1786648629
2594200350,346830.764797564
2722059013,228691.1261516993
8078430480,563250.0327041545
1423069162,497031.7031325876
8856001090,172336.52879392737
7000100631,857350.0790014804
4222200280,230413.83319449087
7971300050,643094.5225485823
2009001600,199405.43031778722
6619910140,597463.4058666048
2877100985,529550.306561872
1196000007,366255.85442880745
1330850130,739361.2025086348
6664900410,273798.7980978574
1231001110,380616.6461803557
9235900030,252610.63845160362
9407101840,308325.184719316
9523103001,445671.4126339412
2149800278,338802.28070897574
7234601198,672393.422257211
9476700035,377780.02850370377
9297301065,786780.9669372822
518500700,762243.1464580055
7843500090,320301.3540848376
6056110780,253849.68467835058
2345700260,351599.8536541213
3509600070,232461.18691275842
1431700280,352140.2176317809
1623049174,261973.6763340774
3024089049,375906.09670981433
7853340450,398485.9073147744
7732410360,762878.8924508046
1446800995,305184.24449393153
2946000285,217931.33640625572
425079100,439999.61201072606
3876313040,429846.0962564621
1762600260,922497.4995103661
1925069121,541851.0541240558
7443000480,881359.8937160962
7820000015,344289.8863245842
4027701253,500722.8451319579
2826049165,388469.4646488088
5426300060,809873.7991189315
1278000210,159290.70458621372
923000270,337252.54535312555
7657600005,250582.33743772918
3024079057,407964.03278648725
3276180020,297483.39760097425
7304300760,316234.9352586048
3908100020,527494.3560680668
8835400805,671420.653053467
4051150070,196869.3083096866
3904930530,467520.9364430645
6163900971,354289.6559802267
7942600310,470671.4379847392
4365700330,225525.67815738142
423059207,275715.6760458479
3992700265,362446.3849038768
7177300090,491099.03567336116
2540820010,614119.4328545158
5700002510,1101157.2831332313
5201000030,544524.269469823
7631800015,1648063.5506729514
2922702965,647181.6959527723
1525059198,865434.90342513
1245003160,688291.3697885711
3810000455,307881.3643451836
7855600080,650055.7714004368
5701500030,1265715.233673339
7504020400,595292.2012256513
1402600570,327608.32322620606
7575610760,265836.515879501
8731990370,369728.419257764
5021900090,985777.540882037
290000075,395369.9845174039
2841500010,468825.2324570194
3955900830,413360.1411547885
7852110140,575415.9627633262
1311400350,262557.2584917411
7773800015,545544.5304975207
4123400320,534485.2169318123
2725069157,859213.905965501
666000143,709499.4449371736
5101408678,529732.6374758286
6371000026,368288.1386757483
2024059084,561556.3783119854
7283900036,299707.47294608527
8881900230,826815.8480954597
3959400135,290515.48457361344
7696610270,218669.5023337402
1689400150,823724.7538632983
5103900015,420002.97991714807
1441000350,436721.17489710014
5101408735,332353.1544812433
3126059027,2057984.7827179434
2320069014,452310.50407944556
9541600015,690040.448221554
8682320420,714018.4372630657
1562200090,575002.3903908174
3395070980,491215.09653113567
7349600230,259333.85115197112
522049122,293333.8674868433
869700060,297181.2993535267
811000055,1030832.4705372732
1221059176,409824.17339749314
1523059103,418048.8174368159
2025760210,768201.4561921072
9218400088,326376.9890254872
8682292020,440750.9865853365
2623089135,439435.26830474957
3758900259,1245495.4645414755
524069049,479951.73749925895
3121500150,875548.9152336635
5581400080,819052.6197851688
8087800020,467811.88123059965
4070700290,686711.7480427511
3296000170,613497.4945933314
9238500040,554226.5913947071
2744600040,350367.26566504984
6813600380,614246.2681047812
6140100150,483643.5827520014
2201500555,467031.12746065535
2600110250,639344.0710048941
4337000275,150284.8528001439
1186000150,520273.73572695657
1972201963,512883.15410759713
1105000745,378848.25245207857
2887700560,592579.3773581443
4039700080,770640.7615291885
522049104,314170.8729076989
4202400078,234069.80244506738
7520000695,211884.96969689298
7714000310,389598.69694861845
4319200060,594679.592149188
8624700015,617064.6375582342
5104520610,305416.19208201324
2354300845,280735.0895608402
3824100291,479527.77476993523
6151800612,249953.70240077787
5454200080,1064519.3668380692
6413600290,347699.3765490578
2131200065,352532.16230382764
1459920010,260366.9257433904
50300090,404276.26217188366
2326300090,624408.9607870132
7714000070,389665.6126438835
3630180500,1014760.9662543952
1727850340,866873.1651016163
8691430330,1003328.9311555955
2310030390,245756.17323836946
5561400610,480592.22082924825
7010701016,532049.3515945919
7883605915,238138.56038015804
1282300995,380310.94352621393
4040700310,476282.61079343996
3353400435,237103.44215987867
2143701015,510317.79196753196
255450020,373630.51738641324
1020069017,307736.5415574439
4038200120,493606.1624143281
9284801100,256186.48695907014
1965200075,621031.8131407799
847100047,543397.8938409341
4038700720,512447.93437811744
6815100085,740254.9162566334
2508000020,350887.453999745
255520180,772394.3094119241
6822100750,556922.5016703301
869700050,325869.41986481956
1775801405,563331.5726710926
6600400090,221197.36605633845
7202330270,432642.3917911777
1683400165,957046.2694353581
2625069070,1021100.1038696427
7625702440,415079.0659259977
3388000640,208264.6154281324
1899400365,273817.5133859769
6899990200,746042.7037117679
5569700020,895528.2827566849
986000045,290811.3306328022
3293700221,316611.9677826613
3764800250,370195.9153302367
2291400566,383807.70163679874
4219401236,1357711.800543031
4239400840,161364.25323403726
7211400990,206007.009977006
7696500280,180488.83882689403
7215721070,502943.58315403387
3204850140,379439.6177639886
4322200220,612414.1656862899
2566300100,1016343.8552851772
1944900090,435406.31304172054
6648500390,299994.67388965655
7385300020,775649.1217616239
1704900135,314595.1704038753
2877100655,708567.8928249786
2726079098,537337.7524899348
7625703800,451147.70678134105
318300040,506683.8498680184
7922800190,522326.20821266
2023049361,184928.78110795203
8946400210,474240.1968881063
6071600450,517034.07301116217
4343800100,462481.4225510716
1443300140,417865.41014483554
1024039001,1008611.7918428845
2767704860,556300.7491624291
7234600851,696140.0824464463
644200065,865715.1308932757
7784400035,749062.0636718988
3826000560,234519.46448503234
9272202260,425265.3901144169
263000253,405948.67407529097
3621059043,559166.6805719874
240000130,564859.7272419289
1352300120,225937.57718370098
7849200861,303342.19890214957
2487700130,480029.4822805765
1796100140,328619.0667800292
7234601221,535822.7495246043
8651710190,445894.9538175259
2916200091,634347.1251390832
1232000915,555829.2362938585
1545801970,260891.5130885408
3211200420,321452.9715274892
7686204675,188417.0949522126
3141600210,222917.69534973343
3959401284,565332.3268036316
2113700825,255183.27333030393
3876000710,409704.0354303048
522069022,490853.06078749057
3214200070,399249.12691264536
1221039156,285826.8750251024
259600790,404980.99279791984
785000040,503656.4050066627
8138870470,525464.2941734215
2596300035,315425.2046269561
540100057,1534118.6095807347
3073500045,521126.6189388262
5363200266,433535.98972074187
8682261650,543216.6361472004
3224510080,870529.2659949573
3211270160,439737.3048727335
9269200520,180848.89768569916
293810190,471054.54077294667
4197400043,276444.98069356737
3026079031,421711.18869649834
5332200405,939906.542184875
2473411210,322139.32360007655
9268200315,506562.6124812506
8123500050,589022.8537663318
3221069091,486045.8005932405
2485000165,588632.7539808002
4058800215,451099.7628737086
1926059039,777017.7447119071
2533300680,940198.4008029762
3343903640,284430.4159474011
5700003705,1352017.93973414
2023049372,419489.80197453254
4058800830,644160.292296663
3333002302,375120.5196829508
2944500340,278111.20757293457
1982200790,555732.8314879136
8929000270,474305.3283456365
8122101440,288620.115706801
7525530470,781887.7266753493
9332800020,674808.6513728934
3878900525,238000.50455810607
5420300210,261369.23498020892
9232900165,342159.5016854306
6414100026,426916.82713483664
3013300660,759393.0375156472
7954300120,581801.9539555893
1081200360,333943.0626448222
2877102345,494806.76580446726
2202500255,430370.2484821869
7984400050,223082.80579027318
9558020380,450063.5822775917
7812801850,222055.42659435718
8944460020,369046.1039925197
2306400040,539590.222908266
8649400410,402513.4749677206
7889602020,238398.11734594996
2041000025,495291.661650923
871001484,603495.9894915262
2767602141,616712.4091706164
3630180470,809235.497750797
2769602140,468894.9890883392
2473250280,349823.55585809395
5422560660,483599.2085831716
3756600240,360677.6927598017
8651600160,817209.9691699272
7202300540,843051.9361561694
8961950250,447254.68232552713
3303000130,415520.5704001247
798000062,266088.9390297062
1695900150,738341.388285514
1604730150,544423.6419753041
4136930310,376548.36896751093
8835401250,1332501.0072731727
8665900328,392182.2024883183
9262800255,286651.00304476265
1853080570,830117.0392377422
5556300114,741779.4121620151
9517200290,438231.88515316875
4037200295,492644.43519503827
7417100123,419384.78990846477
2620069077,205575.8304203958
7922720040,643124.9670631859
558100090,515922.5820950623
257000037,263998.22365719586
3319500385,489271.973886793
9297301520,301215.67020463955
3580900090,364953.62410168606
1321039076,189812.13354264764
7227801581,313732.94942715304
9407001620,316278.8052697305
2130400150,346836.03930705506
2312400200,258880.1025906708
4046700210,362862.5571231341
1193000480,928620.1196109189
1492800296,534548.2052917802
3013300017,389266.99435401656
3630240140,603841.270925592
1049010390,331788.8380401736
9320900420,157119.81787878825
4315700060,371713.167448775
2591010290,299408.61704345135
323089085,597410.1908304993
6600400270,218816.9725148898
2919701105,471480.0560735538
7202360670,871437.7081407645
8927600100,766049.4626651772
3211700045,606191.34069913
4027701326,470236.21968393633
1601600195,274132.3653799611
7853280350,802425.435318989
3629970130,729431.186054665
7203120020,799189.2510330031
9542900190,373351.7124571959
8035350120,515357.39504121157
1238501184,915282.685555354
251200240,469376.3288830697
8945300200,195532.18974713612
2162000160,1094454.2675870273
5466310060,184218.22648073724
1239400064,957445.7237066336
5205000020,317800.846201717
1720800305,596478.3454813232
7280300375,575882.4112361757
2095800400,469916.6198831952
7852010950,569139.8874737408
1428001160,594700.5752564705
9528104910,717306.279554796
8644210470,809106.2514608934
7923300310,512320.7618994317
254000100,602035.088493964
1931300688,501990.87243778707
7007700030,433740.932441183
422049178,239357.21888082774
422069067,436297.36829426826
2923049393,414268.2553867995
930000305,471658.9246223498
2461900448,500036.05508888484
2610100020,305805.0701109997
2895550050,258874.84221324176
7701700040,311768.12673199223
2460900020,514576.2070642478
9827700105,566429.3947476862
1005000240,308140.85045505385
7200001254,535035.6384384924
866400040,517660.6466459663
305000170,655896.2766434419
2260800110,894070.7381541248
3442000127,664816.5289317085
5253300437,431075.12443768646
7576700150,893696.006842896
5469501410,492295.6166965735
5104531120,661685.5449210503
723049434,369975.0200001436
622069006,1209581.5511210402
2517101200,306893.57544676453
8159620160,255492.94288958784
5561300640,414708.99171510764
3317010130,213115.4276011274
4364200250,422579.67765743687
8732300060,771020.0212638332
5603700025,862362.9127347926
3585900190,833536.6688071287
3996900575,248069.51610283816
8731801260,231248.38155175172
3810000860,308184.2885741642
5700003585,2138682.717200087
6332000050,478717.2960132926
9286100250,436492.6750135278
9471201110,824412.9833934259
9290800050,491036.44802590506
7300200400,627824.9690290818
526069024,847749.2474528776
1454600156,871738.9370853405
3904980360,526437.2783303738
2626119062,372214.5152900093
8651730290,441510.8261751947
7611200195,606805.1525571571
1919800260,580927.8567821183
6632900354,303104.34485742566
3972900195,325307.74599233584
5151600170,273451.75144243625
7016000440,485907.94258681586
871000435,760380.9226112763
9578060540,504587.03604444186
2332700060,944463.456556978
766000240,290860.60275493894
4363700200,319369.84346590313
7100000250,347546.1650045734
2781250560,202397.96933068987
2781250100,352271.2554422424
5419800220,260209.89695576904
7147600245,252238.4677979175
2926069083,881352.1899700096
6189200125,792133.8135438028
9542830160,287599.3694719119
5152200020,263325.167968208
9412900045,487542.6209095263
6600410480,209235.00873973116
6979970080,539249.8883932703
5636010280,254181.50214403903
1732801300,808680.2997774746
5561401530,455403.2175427285
9578500510,351371.74570200156
7304300906,330811.2814500288
1223089077,625893.1008717252
721049207,263441.26171694417
8691330310,850649.3264432799
1523069204,447669.60294100345
3188100105,627162.1053046524
6608500290,445551.4507550294
2891400410,335362.8923330278
7663700551,318585.67277716304
5413200140,258568.2548444806
425069139,577017.0683395397
6713700155,366660.0188623969
2767603505,487577.7574734397
7789000080,271774.42335263203
9211500620,202823.7899207157
3750604417,200936.61346796533
7922800320,541317.1964156496
1471620240,349908.9380705289
2222059052,363431.23390422604
9551200270,1012125.7649194087
2767603160,546288.454583925
9406710060,385230.2033976509
8929000250,351226.4913305693
5538300120,437410.136533996
2223069120,445591.6708255343
1652500060,1485344.8773750456
8564500240,431767.9457770523
3629700120,649130.2928707934
3943600070,404902.49835696426
4171200025,281435.7279574965
2425049063,2718492.093325345
9828701650,414914.37333853426
3581000340,349709.38732390915
8100900015,359636.1650181901
2125059161,984530.052302587
304000380,202652.60142336268
8146200070,1487882.1705024682
686530170,569151.654986746
2917200645,448396.1900473162
9547200530,876699.0921997809
2122059199,404904.7718864572
1150000740,633115.8955595811
5706200060,357909.618577974
9265410010,239332.5502945826
4083800555,523095.1805921709
6152900332,342323.56925176515
2520900301,218381.999452015
9828200790,515904.4239046239
1657530180,281865.0472922705
7471900045,238551.22416803404
9828200460,422278.34983719606
1775900140,431484.48140126205
6139800430,471303.9469299569
7214400005,495894.8264724112
5332200026,527223.8796969199
9510970300,817036.8749999217
2540830020,416075.9872121888
3392100140,200380.7887698962
1326069191,368498.46697058744
2125059112,1218413.0934237435
859000022,344667.0250313935
8854100350,633442.2263299976
121059007,245592.15512846032
7977201707,496794.04811051366
3859900060,2400957.579265985
8815400735,728500.2699074624
705700530,307261.4387810163
6600780130,362810.1526746729
6378500105,413547.787477205
8143000310,436838.0941797247
2877102330,716522.8108904022
3526039074,581546.3703573215
2115510300,248078.55032850872
3024059014,1422013.7507647236
2141330360,659481.2640711888
546000400,525519.5735478852
2071500011,417145.67665955925
7972000240,228243.08272829
7016200460,450571.1636205686
6204200180,437125.3804485174
1552100135,1067251.6227638193
88000173,430978.86526569136
2581900235,708139.5524640264
9211500560,216822.95291472462
621069218,444854.9625501385
1321970240,287377.4490338102
798000630,298136.18319254904
421000285,285028.86080271273
2824600180,954968.8401842135
3832051140,311266.36300235504
1237500105,755503.7926423046
8802400906,255639.0075849924
3166900270,389444.54608337977
3682000060,377282.7123765276
5469700020,301615.4386886966
1245001820,689717.1206207706
9547205660,570646.2628421555
7974700122,724204.6373198207
7550801225,640839.2740062482
1099950050,821010.3520850483
1402900460,316341.14661889133
7636800041,938503.4452439122
2115720270,240519.21327844192
8651441750,196866.01064913857
3904100035,325245.6483809228
8815400020,633351.9946879286
3303860590,470712.1972850532
5427110040,1134415.1306469007
1782000160,320190.8226327565
6204420290,468805.7234232897
3995700245,306005.94318967534
7955040130,451660.4069525746
1442880650,505258.84485608
8833510230,902128.34053957
7283900551,403246.8736090446
4396000180,233195.5303337836
7504021310,728771.0670905669
322059264,220479.24070952242
3654800040,262397.3567400786
2767704777,518099.06370347284
3278602190,355647.27763266634
3236500220,468914.9466473405
3410600100,286037.98474620085
629410180,751859.236862071
3352402250,157027.39371448598
4363700304,343546.83931001404
7237550130,1218576.8526996167
9808590210,1171705.80924832
8074200175,269678.9878620387
3463400330,430733.1222046802
6306400140,717432.7141804843
8564950250,545786.7537853736
5381000070,223015.36316890604
9826700697,470022.43771804025
8132700190,440285.16196747735
7943000020,171235.64256121498
9547204675,568227.210692125
4112100101,543029.14240885
727500030,772299.3842419224
114101426,355467.15703941946
9274202005,719554.5586164077
1193000380,812612.8932187743
3039000020,462734.1996253803
7852170130,666025.3692219503
2624079010,620762.1961147207
4137010540,299646.2821827688
7576200012,701085.4156008614
1138020020,327951.62097277166
3969300030,204744.75270600023
898000200,200215.60543904672
5153100030,309066.1557182601
5104532030,574723.3137219516
4406000050,226082.21896709458
9274203390,549740.7820063876
8682290360,409670.66471955227
6928600330,271322.2629414438
4139680070,856997.1836304954
6844702690,475043.4507579495
2154970020,2104665.1783460802
4385701285,1097343.511282965
2426059071,516999.42071795504
2867300160,473997.89531629736
9512500720,523053.45962665306
1773101020,293593.6974768033
8687800100,270895.6633958512
3627800050,1535030.048207074
1604600227,290528.63625416224
3300701170,459138.2937417169
9250900111,480083.54156975093
7015200790,646809.689166234
1311100490,261139.31421473323
2469000010,915445.8218143742
1982201596,565809.4358488371
1862700290,310572.0522930201
2586800270,239867.02638627985
9528102772,470655.26964957285
5490210200,488278.6193854288
6669080020,391162.1176233503
179003055,232387.87667953008
1860600535,836930.9665992274
1592000130,601628.949278869
3905040170,545440.0821215931
9320500080,272495.842273335
9276200850,442101.54782148055
224069114,622007.7309513645
2260000340,568817.1384645436
5096300130,367364.79083387717
3432500215,362740.0942777392
2600000050,732736.8696000918
8856003839,231074.74129162557
2492200435,429814.4605428559
7855900110,1152028.8434218543
6806100250,306310.32722370105
2770603523,472031.5980033999
1370800515,1884153.5276893445
2726049150,496514.64851856703
1226059161,559583.6770532764
1068000375,3032166.057153701
9528104109,503221.82546435844
5126310060,510441.48750125925
1951820070,553053.9666565636
1545805980,372074.98526691896
9464700340,855904.5781409452
4319200675,929516.4939012004
7518500885,590020.7417045559
7852020620,500098.30321149534
869700370,334521.74505446386
8643000190,262422.26632928726
8902000267,553273.7405290938
7972602435,224710.80391342635
2050100210,818077.2035571698
6705120540,521597.64486437524
2767601390,577132.4159591103
4141000490,1189903.6901399079
9345400350,707648.4606355351
3222079162,332262.66677541594
7789000120,243852.11207008918
6646200770,660538.496799175
6666800180,790279.6745749147
1725800280,481690.43945005856
6117500460,727556.2497387583
5470100220,221246.26097895118
5457300478,455507.62589960976
7550800195,590618.3425481211
7787050180,540853.227674449
6204430250,499489.7988747624
7640400250,509055.8911345137
624110920,812291.3961466987
3629920140,393606.91994024505
7173700518,731802.0072190773
3210200395,226377.82610868587
2473480560,398835.3968759354
2623089141,453009.5791910522
1423800080,224136.36753770337
2076400050,296897.36631359387
3832060120,293117.88251458085
7702600930,407422.4919371042
5101404555,421379.5437817428
3723800415,423392.5317877481
3356403400,247447.1566848932
9214400125,515215.9514286098
1797500530,555883.5316774551
9551201660,1035631.7583679872
3878900815,386793.38097025704
1760650280,319005.9857304866
5466410030,245799.06270829614
6388930620,556642.72916095
2331300395,753940.436949146
9412700160,283160.427918249
871001611,717151.6536950384
3142600120,617585.5380046266
3995700220,357168.1749474816
2310000280,280717.1690995041
8039900400,380708.2579762771
7504021510,721995.2506140448
1959700445,1548704.0722259055
1556200155,585026.1228726959
3629960590,367734.0017552974
259000240,444003.204197678
662440020,397738.84643686184
3123049142,487884.500583871
321100260,625775.4552370545
6840701095,567463.7461594106
3738900165,376579.8357485431
4427100130,363133.99138109747
9238500100,446996.47024854843
6145601810,391924.2026591095
2570300090,377300.82856021257
4017600010,463516.63300178444
1005000220,378730.9808280731
1257202120,484061.98032323696
9527000490,470651.21612233715
8691400080,720493.304154679
1726069084,376767.410826323
248000240,198794.10017841554
6113400046,310448.8592184326
2130702350,366047.1988937639
920069052,232697.1662784607
6071300160,599412.3034920226
1623049041,147923.22548642542
9268200285,354486.47568272304
1843100520,382773.7254642765
2887700826,605966.4041641747
9122000385,677926.7401246541
9475700220,397655.91505977174
2804600005,768879.1669599554
2896400300,417209.10888410296
5015000180,750548.4108730896
3630220180,786674.0506249687
8832900780,577366.0260270186
1568100300,409694.4762610956
8718500610,391215.8594162549
4147200140,1200520.125100163
1973700030,831438.6305922183
8862000075,174493.49709492922
9320990110,310326.5893000915
1151100035,407740.74687413836
2011000010,248693.9834693618
1651500060,1005897.3702971094
446000190,787985.9869364899
2344300220,841393.8559115881
523049195,200475.6290469514
9191200015,646105.6349559253
7942601410,723467.1793064505
7137800300,209327.36849590068
7853300280,507969.2176752436
6654700240,310893.6457437301
569000050,593111.5775693777
3584000180,232106.6742713768
2026079055,380086.67338103824
8898700880,273889.5953290491
5075400150,687030.6583713467
8731981360,344992.0379753656
4222500020,226420.10716233464
7996720050,555553.9562077402
4077800094,605805.8643762761
6446200365,575767.0272182536
2824089053,464062.43634268653
1311800220,221552.32001273692
3522049063,639057.4837974388
1721801280,186814.81001245126
6131600240,205430.84275717638
7202310040,607054.5419846054
1123059125,476635.9680063238
646910160,244438.99905661444
5630500005,358542.97798937134
3342100785,248783.64087528645
9547205610,685349.0626334831
1773100123,283196.1695731284
3353400092,305420.5081427951
217500015,388367.33211679454
3649100031,409110.1743353814
7896300150,273787.1576804217
623049185,254427.26603802075
1773100430,289200.67234644096
1781500220,1046625.0626079472
3395380200,252949.03554007583
2424059170,2366339.1397049706
4389200765,1774894.0423060874
1543000060,482011.7505216949
6154900005,656901.6969625098
2902200240,441555.8839192562
1442880640,514947.0111129247
8562770490,553959.537190859
2768300655,604520.5865985918
3432501315,318661.3235259242
5035300570,714407.6600399906
3626039028,390388.46044568846
3876540780,235737.0241428214
327000100,1266794.5117555424
7551300065,462266.65437831805
1312920060,270771.21796192287
2215901230,258151.101747749
6306800010,439444.1748852034
2767700022,515009.8870506748
5589900610,543893.9126620474
4320200020,649508.9137963473
5249804655,615425.0487628176
9238500480,521469.3712707184
3885806565,1145183.129278201
7905200205,442283.53489621694
5727500102,323739.93720628385
3585220070,406321.7298616686
2078500210,555047.894836066
1839920050,379466.1447154337
534000080,336509.3846062818
856000255,544537.6001991024
4141010110,1572080.57755613
9558040820,642312.0662431305
7768700315,1018777.3888980744
2796100640,270825.0199283827
1922059010,186360.2138869847
3448000542,286015.80662208586
3883100220,277166.38698825875
7237301210,276831.9470460909
3893100456,843697.6805170575
9578501110,341608.9408615013
6145601995,435562.48141614854
4024100120,327521.66498575016
8899000050,351926.22654594213
3396820010,598233.1252892062
6749700117,342479.35808872594
1954400060,530223.9833469929
3303970100,728716.0480586279
2540850070,456934.06333448645
3797000745,491247.1972945058
7883603700,257213.0784052943
3438501452,369610.3907860402
3530210260,768278.8024879921
3598600049,191214.51541157093
731500170,362635.8771926067
7129304375,167665.5476355796
263000006,401169.90280338906
7212660560,317951.9062123309
1112700010,430538.97381269716
3420069060,561756.5925346636
2473000470,414158.4455134989
8691390980,724947.0159551371
6184700100,466375.52539968403
4476400275,375780.26894328016
2968801240,274935.77462096873
1529300160,410874.30300273286
7640400070,599849.5691340714
7016100380,477892.9393133974
2172000890,438477.68615811865
4035900015,726410.0070974344
9528104660,1110826.672483793
507100005,369746.8320380283
2783100160,387146.5854405194
3629921140,879180.9694963163
1099750610,237559.20494507827
1330300451,995406.6899992882
2757000030,1005029.683508877
2114700190,336755.9596903373
2050000020,964072.165695132
3832500790,269422.54619952245
2612000390,329507.8766005121
1483300430,368488.25776655774
8899200720,274329.3273584415
9183700470,290552.6810233545
3530490031,223019.83248253685
7857001225,348146.4543549239
7920100083,442946.2412584228
2254501620,473255.06852927816
3303000130,415520.5704001247
3876200070,409723.9179128264
369000365,344560.4794947788
3052700385,746885.2148574695
7856550240,781778.3141483942
7300410110,378141.07229981234
7201800300,444586.6009252671
1695900060,514961.5458821983
9429500146,1134264.0653620823
3629910240,657372.0397934688
8805400090,262793.6753778566
1022069050,254038.20601641806
1138010530,386464.7968247814
7877400266,190213.4083275021
7974200452,926412.0144822502
2126049265,442233.21118073724
9547204350,717499.0487310024
5560000680,185838.32733047105
3793500550,307609.36999017093
4217401195,993821.2944338392
1826049408,380329.82523343153
3905100210,466086.2854539854
7695370160,490785.7184683327
3210400060,234385.66915084806
6146600170,175884.67740022438
2767601750,477169.2676612441
1773100926,334232.1944845448
5700002125,522003.0058433148
1951100100,195503.1863222014
1402200340,357428.53777812346
8044200200,372841.7676085025
66000070,377001.0327068842
5083100065,198569.1071756521
4027701284,422418.0138079382
5693501100,556656.3697753667
3600072,575718.3733634413
8078550250,295388.6819757483
1922059046,316155.9683862828
2902200016,619681.5835029319
9183700845,167376.43617818903
3333001997,361730.23944711575
1432400525,250322.53606035624
2824059128,502865.42230126035
6453550090,891334.6548050197
6202600070,1444774.2626375149
7524100280,222597.0740976019
3524039224,947758.3525067026
5739601300,535223.8594859901
2473000410,415608.7762247269
421059018,257039.75102034613
4232901120,687164.8258900737
5559600140,252530.63380716572
3797310150,296114.37745461887
7986400265,760453.7806818482
3025300095,2389714.0024504815
7524950830,601042.6489108712
9407100730,292147.6917739432
3812400854,366362.84921999456
6002400030,324382.7848328459
2212200090,248281.37155245847
7202330610,545345.4571526842
7300400170,323832.1752775395
8965000110,410174.03153968125
3996900125,318484.463186904
2221000100,298550.2436221006
1524079088,356078.66913108976
1133000036,360151.6845732711
1868901190,709177.0907495307
4037200530,473312.39772075077
2095500120,338131.01265565015
1995200338,827144.0209391065
8820902350,686652.3824432086
7459810210,355657.10283994523
9536600010,439991.942357351
8085400586,1520445.6154795974
7518503065,342223.1612152474
8682320350,684705.8819427836
3179100790,789065.9368833355
9828702666,497554.0753447908
6713700250,539131.7514465644
2141330700,615852.9078208575
7519001990,429319.7611134665
3223069019,345527.1775636254
7994700030,399030.9683277672
2592300450,310207.3216920626
2792000010,439529.9845715582
173000025,346018.8533595364
7203150330,673761.4354492966
3305100210,840618.7771221357
2581300055,781585.2602198009
6613000750,1352879.6522948788
7015200685,707191.5819281646
1323089184,449045.5752824531
3793500510,400206.43158540345
2225079030,348402.2180171526
3578400710,394731.7506030151
8100000090,259131.6212702023
2095500040,313106.7488726515
8682281710,691514.4789979497
6163901380,302300.3510922752
6918720080,660664.960666572
6914700130,467771.10438215407
1205000215,497772.9124236166
3800008,266321.7375040795
6150200180,264370.4016634703
1223089066,752288.9577340591
7768800290,820631.6599190494
9285800330,914030.917191211
1974300020,431696.2500594
7628700050,832332.1256448225
9376301800,629959.9996506053
8651430220,199378.29538046118
629810350,805553.2537267191
5016002180,943241.8151428249
9558010230,373632.667870591
8732000390,220309.81666352446
7899800586,346486.1557906297
5249802460,434472.634626861
1446300020,517948.8615682113
7785380150,454707.906421884
1245500950,627722.0107342604
3362400640,618490.0935971941
7578200310,692031.3341382273
4137020910,290828.1211676839
11520640,809591.8367608186
7972601995,254986.6098088395
8122100160,375748.6908319956
9456200450,290906.9163948457
1328320760,324316.28210435197
4025300285,329923.14326004527
2721600125,963841.507589708
1123049027,224778.467734361
3542300060,229362.0090527163
291310340,593570.2856047797
8651720420,454254.22412170086
3298200790,398100.5682391386
4037200585,408153.57050733926
1329000090,1419254.3852754715
9279700013,1214291.535382109
4151800265,646349.3828293385
7760400210,249202.56539479294
5029450110,214508.02708223934
9492500160,849955.492282558
3578400270,403276.22236482723
7606200090,281386.4941515758
3682000050,347164.45206798485
1250200415,354731.80549133715
629811600,707882.4683861511
1839500115,333628.2987160023
1176001293,1551553.0011378555
3013300409,382261.7623562871
7853280370,812934.5217570033
3275780030,658056.3382399682
3336001946,227378.03376537148
5456000110,801545.3711448474
2473250400,307109.007801739
5393601635,591663.506771473
8820902905,412101.6206753629
1245001659,767612.1459817064
1523069215,420910.5305123304
930000234,478390.81292414
4083301645,687442.1589764338
4055700778,574042.7596853259
2781230080,426408.6634936742
3629910210,662033.0546470147
7856700060,642979.2543574852
7589700055,457896.64795328176
3888100043,374864.14680717146
6381501636,396902.4432612067
3303951150,388420.1310303031
8638500170,355484.32659947564
5635100050,421770.12138933287
8820901792,822721.0044624227
5456000025,1389434.7748028266
985001275,145361.4930267482
9560500105,725236.6923801589
1421069117,250137.30560658488
4154300296,255739.0452848361
795000620,141215.4184222686
9828702335,520979.86379010434
1250202145,1184275.3823240392
1163400070,270028.62486536993
5652600065,616094.9305111067
1042700050,829730.0281101459
8899210320,345438.3339262787
1651800030,1377759.1854158829
2919201365,767961.5386041794
4365200895,321483.99430716765
6841700100,910602.0275579671
7376300060,412827.3943169302
7852090180,553410.4983342893
9222400565,535522.0937297513
9542400075,876433.2300719742
7338000150,187318.2270101609
4322500110,544262.6185471176
7694200070,401099.35080283455
9321010130,233653.7551110424
3204300455,1312384.97717453
6706000040,292220.3201757911
1565930130,426139.6670951223
3279000420,230113.91873769625
194000575,490597.5914679397
2115510160,237786.84983958083
7522500005,573394.6032240051
3787000140,456957.8885494078
7852110690,637893.614455957
5469700260,387852.5246977339
8691410730,730467.6916642206
114100763,312050.9379521885
1257202430,968207.118805023
7000100635,521909.9822947696
1900000195,168876.30140769065
251500330,1598586.036374983
7701960210,811615.4983690766
4037000065,434691.2761955212
522059299,239332.9718563955
6072300800,650394.5169662354
6821102358,576072.7246625267
5029450200,205170.67987282557
8860310240,577628.2259086196
826000295,380449.0459519986
9417400110,403383.2857123354
3959400345,763563.6973675193
8899000430,329321.8956014167
7527200030,653563.9247654881
8562720410,1287589.6824844885
1432400335,214932.93525056427
6699940320,353207.3850763149
2525059172,661979.3822617783
7548301044,373773.92410306167
2141300420,848170.7847419878
5100401414,400928.39718268317
7346600092,235241.9596164092
6852700478,525928.4142187248
87000213,258140.00229566707
5416500260,303844.1497650734
322059097,278580.8415814117
7229900005,342272.61060725537
7116000350,163635.01655566948
3739500096,354322.4074344035
6744700900,662455.0682269797
1959700550,995083.201315479
5589300435,374840.0636015217
1775920350,360553.3957323173
3750607974,280259.25036797236
5318100935,652074.8931821592
1442700430,517100.62260110886
9346700030,716166.5804671093
1841500050,322907.2804202876
7278100665,285233.8240365721
8635750980,608721.9230145521
6909700340,656753.2510846346
7011201475,896520.73614516
9348500220,591863.5865830595
3876313170,427085.5218486056
2195700050,912033.1065258032
3760100200,491917.7436550936
3396800120,510331.4232709511
3750603685,269801.51054389216
9828702310,495738.1091751016
8656300380,367639.33046255406
1438000170,554493.9821242522
2423069164,464662.2499732117
2112700845,323830.473079391
7635801370,483984.2593399907
8572900135,400267.754509759
7504010590,775496.8980410191
6821100125,478967.61001112487
4310702775,296296.64812995744
2591010180,436101.3886109689
9828700235,678317.8842531824
9376301180,508319.78830510954
1646502355,1081466.2930678418
1498301672,429509.71871188574
7715600070,395966.3531161716
7283900045,477379.97385035746
522069119,465279.04015626165
5200100125,584458.1648976328
826069184,506159.893110231
3271300155,735186.8331768131
4444800045,676367.6139276027
8682291050,747644.6305696735
2770605420,531809.0412279901
1556200205,516685.7517289833
269000970,1457651.1199099198
9264900880,253026.9920972587
2323059074,262427.1100516678
1224059053,1319917.295391434
3755500065,461404.00486916996
2571900430,361150.78730336984
3705000070,282970.89447439887
824069173,614863.4227331185
1735800050,153236.91321906543
3025059089,780920.9885904159
6132600655,922611.458021463
1068000255,1599931.75250468
3052700921,682327.3225148583
3024089057,385697.28868584137
7390400026,266559.50886194635
1787600224,413359.6016521909
2923049372,275441.96755928156
7015201015,1029782.4831383039
7701990040,889797.0120722391
1925059194,1047213.6570581197
301401370,332062.44029500685
1931300955,444749.51436894736
2395710070,348677.6705641801
2591820070,383380.74049341324
7883604065,277599.8721160762
808300200,501379.6693581431
1421069159,465036.7406175085
8562780540,337073.76286006643
2787720300,367556.3464410224
2349300069,309710.91258004634
739000035,166348.82319733402
2397101460,568048.5964634203
7625702437,391466.0586869605
5101406441,475322.1161489461
3323500010,1102835.6584231849
225039082,811318.7626684587
8078100260,345857.6769054149
4139480200,1352313.4430951532
7436300160,575995.2327853523
822039004,633231.9846214589
8651442910,245595.36644770586
1370803510,705030.0191953247
3342100569,603212.8320068384
1310430400,509638.56323192065
104540820,235118.53724982243
4305500030,577921.7054981253
993000090,777784.8717079408
8044050040,413405.37343530596
5707500050,860681.0769317604
6306800080,409258.8135502196
9206700190,715538.8454195623
8732040090,325295.14143593994
3037200045,462241.656224764
438000025,614028.9072305585
239000115,329563.2101104074
8929000230,475427.841190262
7135520610,1087551.980309731
5561300340,520183.7489690493
9530100085,655017.56019166
6613000140,1349017.1924570722
8835210130,328716.5544573837
3782400190,367539.1274429458
379000051,277296.69722661265
3869900150,338073.33843488427
4322200050,473275.495772269
8961980290,692911.6542305364
2558670110,438470.21030178387
1124000010,428794.53332016506
3869900138,466136.16152004595
7853300720,493242.20976552536
251300110,270337.81680871453
3904100041,303415.36912773096
7701990300,818603.7920494281
8682231190,555798.8085184684
7888200240,203386.35829060295
2025700730,301464.7541156058
3066410800,659143.9823774783
7576200040,725716.3354280028
2526069095,1106820.7617496497
2781270530,190130.79896166705
3763300005,437703.43040440406
1523049083,220386.54049564514
923049468,200384.93868426682
3303700221,608485.5250987372
1502400140,230148.84051677393
2880100160,1085451.531676164
4083304535,796683.1949678255
8820902549,562692.6013382662
4139400060,839979.0823201037
1222069094,349114.3805929585
9367200205,649200.7699662633
2734100736,288553.7819333187
3856904580,744914.9287816756
3812400789,343356.37190305477
3303980090,1076891.986066264
1314300018,328693.3215157838
9522400350,565763.1560762201
7524350080,341001.6533657295
9406520260,318315.2668181966
3278602040,408887.69264727767
7696620100,233601.46369443854
3751600635,242784.10667214895
6365900065,424539.28164997237
8732800100,263745.6262941662
3876540410,241659.41854708537
7349660050,270516.6986510817
1036700220,821713.5852817664
5417600200,360267.1437458257
8732020310,285370.49928323436
6844703240,1060849.5585561278
923059206,351685.76149440213
4038700220,540476.3893941771
2597520900,771775.5696750937
7203230040,1031628.8704166415
8820903560,319011.36247009813
424069112,714255.5922859743
6056100102,594896.2407884048
1823069155,427238.7920707973
9412400220,2489871.34969189
6851700381,1013866.4710923849
13001215,277656.58730835037
3630180340,807612.6852703235
6746701090,564889.9427877485
3832050760,269615.2437207806
369000690,522093.9683034265
6071900130,553712.4362612305
7266200085,645242.1445625441
1473120390,439422.1487607707
9523100458,585816.4783469375
4345000510,271099.92892578384
6600220090,487979.96949724795
8079040320,403079.9789030233
1357900060,429467.7858809315
3996900295,324411.171503796
1442700250,524564.3878099007
5021900175,570362.3615124334
4365700130,345460.5001660167
3876100320,571660.5863852919
2124069103,465335.89433393406
6700400140,263885.3966215033
7852090810,542302.9756288549
1454600038,923539.6908869224
4137000250,312950.884994906
9826700726,584039.2819577329
6716700325,475511.38148292643
8562750300,581461.0216950886
9315600050,1610230.2221978817
2790410250,646285.7655008687
7732410130,752251.77755984
1387301730,357297.00854764896
1568100220,323751.4411678743
3975400085,903155.6001591039
339600110,446532.6497016654
7888400500,230743.02567650916
1842390130,694079.6654530911
7595700025,369985.5868497702
2158900140,785741.8247151627
6151800070,314225.036524331
9294300515,750930.1527099513
1250202660,762927.1243200187
9106000005,1039468.6534478158
5035300085,663063.3361126406
8898700440,273232.3172348356
723049197,198376.49555577865
2019200220,233168.2824680465
2926049408,645763.424460564
4233600190,844106.0718588931
9268851860,428428.9661905606
5458800620,699805.4898794164
424069096,454159.1028945622
8150100265,253851.7468405546
2742100085,394821.52995079354
8045600130,403115.43051830673
8039900086,296133.77914157277
4131500190,320245.9318283
1370802650,721838.6177029529
821049149,264776.2459493101
5104520460,373445.5702129245
5466750140,241021.87276866497
1703900155,323921.0684963202
8658303065,317728.0009823181
3298720030,409546.55360257847
1839900080,333090.40018486755
1561600025,771290.7917124764
6064800410,311068.7938955481
621069102,199370.9027931983
7853360620,443377.1770714442
9385200045,638951.2469090566
7214770020,647152.4414272018
5412300100,236989.4598322697
2025701360,272715.283264819
7334602070,303555.506513074
8029200190,206544.86600801584
2622049052,539083.2731838052
3126049261,355325.04120939184
4443800705,447021.02198133577
2473420100,310218.363532937
7922710520,536059.1405834656
3336001911,273566.7331570075
3797000300,451749.609301681
5406500480,627742.7914668295
6706600090,450078.57432931697
1518000230,333246.8391745809
1250202990,838953.257703638
6441800060,797447.8412995399
2141500070,456630.80107541074
9407101900,271588.6710290519
5451300117,2083895.5858859767
326069132,409514.494734416
7153400100,252251.33440243805
3083000910,456206.95569331956
3021059304,335321.5740868242
2597530650,841317.0547169949
3972900215,306978.23329303396
2473420070,305646.60113891575
6115400008,494298.40182776353
8682220230,786958.3797313998
642150080,510194.03478390485
3775300030,318169.12312776
5418200340,704236.0034889196
2424059119,1028316.1407536813
7899800476,240242.42157545467
8598200070,277367.8287548262
2421059125,496105.75027559424
9528102771,576956.802423534
7522500020,589669.1326750732
7202340720,594864.3711078245
3286800260,588188.3975934907
1121059105,460915.88916759525
7504030220,639453.9670508194
4045100190,1576120.6106444139
9406530090,370590.92838096985
7138000260,253746.45655431662
2600010390,724863.0959811091
2917200365,418581.35629164
2191600780,205029.51551720154
7784000180,509112.9780038638
6149700194,309686.8733366417
8082400136,756950.6406054458
7202340930,660946.802592486
1972200556,610148.5577888709
2767604170,495263.2571688531
3271301175,555926.3595846143
3223059303,511389.0506083072
7598100735,1141960.3239966864
3348401490,324533.13912560284
1545803390,269452.39406205085
2296700050,476428.0434084739
3626500045,653002.4120082678
1596600060,282423.98216834356
3616600250,1301137.3690432725
8078560140,270372.834182763
1796360350,237519.45159860715
2770601763,543988.6079530997
3223069118,683174.7536293298
2473372040,368405.58371480776
3575302759,391527.78834333865
5706200170,466302.5255952225
1774000030,486535.09735162585
2224700136,348184.8341179799
1250200418,364335.50611507276
5416500840,373584.1695083895
7335400345,159190.43253066376
3776300010,966806.8456497117
8857320130,544549.8345603113
424069206,763801.9925439826
3592500985,1139574.0702872637
9828701295,408705.7468925204
2621750340,283334.7222841165
7334401000,275247.47870110685
3286800110,580267.5723157289
1722069097,449983.0562881696
3574770030,477665.55953282985
1336300610,983255.2863674603
7230900100,338954.25574587216
6141100320,301077.541409965
2767602356,736416.2302185365
476000017,466518.49591689947
2558600100,436360.4971437706
3500100015,268622.44119230023
4074300150,426632.255699675
8907500070,3675349.109584451
4388000260,181088.1358501773
2475900850,263622.5194222041
7852010900,546768.05465953
318500300,729759.9634039978
9200000050,163036.1990453071
1026069106,446354.0125092126
205000120,646478.3251198642
2616800600,801875.424173426
921049141,621839.014294891
2023069059,735144.1950831042
7229900145,442370.12177015847
4376800010,541646.0640876427
4389201095,2217552.1453251643
826069127,488099.63088562957
2310000250,275299.43102806556
4058801225,334554.65580711287
6600220550,445167.5008818245
3585300194,1426377.3643772795
2594200375,376848.62413312076
1102000514,903645.4459263036
1862400471,382801.18299681495
6928000440,309035.41000766464
9578060470,475846.7849270231
8732020670,255379.43321065773
1823069088,304409.5003343804
8712100350,1183958.104360947
3420069055,332114.1424542216
4229900140,354846.9435734403
8682280490,433428.4193986299
3830630310,264840.36581948627
5100400251,390818.3609546139
1737100830,626454.1508218799
1630700276,412089.81915899663
6326000205,488815.8438236593
3426049284,1883573.5488150436
3814900260,402370.65765461803
7403200050,936679.694222846
1725059252,769335.4316616821
8899200570,336582.7039004609
4137000700,253734.5841716664
1115300270,800929.0444422079
3904920380,582196.3106592994
2695600195,305328.0253070346
9542100135,752305.6869888915
1552510160,421331.7510916901
1823059241,686330.4363705612
2193320450,592277.7346038766
1122069006,509633.92434981815
7853340330,397499.3536222353
1954420380,497232.33888148767
7299600530,272100.87556722417
1760650670,252939.57631227965
6819100080,586246.869715973
2767704649,482765.1949136753
2424059035,880498.7554213424
1566100400,381562.5392054822
5255690060,496857.8987791466
8860500130,370989.894656672
7349650120,317406.84868609195
3291800670,431403.0911668134
3764650010,499375.7086277185
5416500950,399982.37444789376
7973202712,232901.98590255965
3291800120,231427.32583511068
9211500620,202823.7899207157
8643200020,382602.2124475653
9197100101,182358.4002083478
3531900060,307362.2075175885
8842400071,389529.6543584624
6844701680,484203.98921067093
6413600285,414787.43719053717
5196410260,956657.5079422795
824069121,835702.5079665019
3876313120,419331.1842749455
269000030,992962.5042550786
1560930070,620034.2521157289
4435000705,223487.4312442629
9542400025,941077.2201813816
2470200020,1443581.2308376234
7519000580,533384.3953764337
1226059101,467162.77586811833
4449800063,392226.63638481044
2815600305,586679.8103791571
3821200050,313911.047005421
2644900110,380343.6155704862
8058500005,413559.32352481014
1099760230,230786.618637589
1954430180,527757.8976047101
7853360480,517943.32060179237
7229100040,308472.23743045924
1432400120,215791.29595486337
1898200080,350482.9429099597
4054520100,894772.7684081987
2568200140,776441.0126212528
587550010,601247.3255612302
4154303215,890903.0986440696
6358900070,1072888.4234317534
3277801640,457974.91591922153
6209000165,355969.1186291812
6143000020,262132.5069386346
2591780180,391904.467275165
5412400170,252240.11290087705
5466350120,242743.9600599777
2877104196,654774.2542637797
3222059007,323714.4000546598
7957600025,247459.65574317327
2698200210,258215.53325685926
3764500230,575431.6892734789
414100630,382400.4486001552
8029740060,322384.3480286036
1426049054,350844.9507153587
546001060,662789.9000421495
3277801417,537928.4578427288
3630120970,786165.8128098714
2326059080,912150.1988832521
3278612370,373586.6283313823
4024700100,306551.3923072968
7697870860,232786.54725008894
8562900240,585132.5142847425
4059400585,201153.32848057896
5703000050,477355.6736759394
7701990560,792836.575875032
1760650610,318520.1643043494
5408100035,425899.88680471474
1370800560,1170599.9317901437
2880100240,505162.7706732338
3630060150,549764.4065721047
6071700020,528748.1879498033
2473002500,404053.14584681805
2768300650,523398.46880713914
3523089019,770200.7164634177
2787250190,525346.6588494757
9477940440,412562.8061460385
8732030440,295379.07334895054
236500050,321880.34683209716
993000100,775274.1438010011
5466700360,267972.3980253692
7203220300,891919.8254995912
8682292180,407123.6379498051
5209200010,519018.4655848449
7853360990,429228.768138428
8663310010,427359.1299038818
2313900165,562708.0076209168
6114600030,496297.6402128749
3303990030,724981.5015820396
6679000960,366641.51642834535
8161000230,505124.6564799297
9510860060,711785.7230982236
1223089083,733872.0332272009
2721049059,288115.6232594755
2523039278,297797.9381542034
9826700707,543794.1122441215
2159900120,472229.9545565299
2767600635,661026.6148982025
3812400455,410564.5400822348
7852030960,448668.62361966394
319500080,701805.506803701
1061500360,322003.60831242846
1787600209,361598.29212143307
7888700030,499223.401618302
3623500260,676525.663165831
4219400520,1273740.6549013027
518500460,1418905.1011458472
2500600297,291359.0044410116
7283900010,279492.50137171743
9225900055,302948.8973598349
4036800925,437985.94264791004
7967900150,363031.5797714682
1782000130,406985.6264033049
3163600015,133698.4345151951
254000075,359589.9989165557
1424059022,1068168.451541215
2768200090,754061.3887192796
4319200505,463319.2576498004
1592000780,669816.6600638082
1687910100,603809.4419322419
5200100115,557498.3616872393
3751600176,201627.17420318868
5608010650,879769.762688667
2051200506,280800.3736976484
2781280310,302124.86288347776
1023059190,278432.7679589596
2787310130,256780.09804733697
4358700100,419844.0026903737
3121069036,523664.82906412805
1959700225,591182.9490989282
3205500230,380918.4867465015
7974200937,536011.1714658228
6819100111,923750.3744355735
6146600175,163339.83942786977
1525069095,838937.833206381
1231000510,460473.9106779759
4122700040,1003317.5480794864
2426039314,308599.71002549963
2013200390,261848.49919922114
1854900330,665747.4458395934
1923300135,584680.9056734802
582000135,532496.3010268805
587800130,291778.237644898
7840800135,228059.41561606253
6116500366,292942.3348416904
6392002635,630835.896738261
5361700020,332854.8249867795
106000395,426448.1142338346
7199330390,384290.9103548908
2484700155,549437.1321530772
4038300070,468938.79755134316
9407101850,324486.82602952956
293610040,618639.3997270595
7202360760,795288.7269015077
5608010750,1100306.680382085
7236500025,326509.8610311758
9144300120,318967.3184898927
1454100267,364405.5589314179
1377800135,663687.674032073
7967700570,239552.07022773172
1562100220,610200.0056276764
2923039243,375571.5423598878
868002080,639275.0658898584
7137960460,268303.4444341914
1023089096,291152.8573862201
3262300818,1727858.2445917733
8563050110,534070.3642812942
7137300245,465696.1971617187
4365200630,445691.69653240434
4100500070,1899297.8007766912
3821400200,263978.6269472945
5379803386,256239.7153970973
4237901075,653417.2279893119
8118600155,404209.4769747387
8946780080,901124.4145462734
1428000970,385785.518098365
7011201004,654843.2294763761
2799800180,356891.9337216833
522059130,232023.11070894863
4315701163,543962.884815338
3649100387,431874.90632872377
2125410210,443646.67140454694
3224900130,219516.62829611325
6798100661,309012.7800059084
3626039325,846040.65024843
8730000270,359437.3922113575
6065301040,883393.9862701512
1665400165,231843.2148292564
2203500140,412546.48332588305
4058800875,320065.48570425424
5076700025,496286.6017536298
7853420110,585712.4648123224
7818700480,340049.14255900105
8658303080,383402.85024984257
3187600100,572877.5471631978
4077800518,357448.759934241
2470100110,5087839.52477201
3451000206,335487.6179529617
1843200350,203580.37518591134
7904700126,390949.3686201454
9430000070,264465.36620655324
6003500749,669051.1762889994
7701990700,820152.8052796666
1310820150,351328.9929806243
3975400190,595357.8393434896
4100000050,654187.0737926706
7202270700,582923.3358042734
7370600020,629346.3144332677
126059225,510861.8816544599
106000015,439435.0138424004
4458800060,1021181.2108906308
8944290090,237802.78170464502
8682250330,659356.0939417207
9834200390,493377.6787398625
3275880100,721064.438432902
7227501190,239551.80751296235
1796100010,647480.9957918841
3831200210,299340.49062531354
2521039066,278008.15565708536
7701800050,450208.69250590337
3904960910,648801.660234044
5647900670,275027.11771891324
7234600796,555909.7467168559
3021059244,219663.72914464003
7787400030,1713761.3763439069
2051200436,579852.63465367
8820901415,368721.6807170256
3523069047,790108.2004364292
9194101388,471767.243089107
7277100610,303190.3820562583
9471200370,1690224.0349455343
2767800140,747730.9529957239
3629870110,540653.6388976803
9136102057,593436.7400423295
8648900060,489624.8377216397
3678900110,393049.98003158614
2767600150,495654.9075358538
1972201511,621960.7437283109
6055000430,496754.8667667004
6624030050,375307.90403831785
2215450150,324722.09143245674
2767603824,453500.35335223324
3585900460,768911.718359449
2922069134,414052.57902237034
9267200062,351334.5848781977
7228500425,592307.9094690119
1089000190,908988.2415731465
3359500960,493460.8444784589
5152100160,427144.5103314957
7230300060,356711.23760549654
2423059067,419205.6418980813
8016250060,241571.890584555
2524059267,1089362.5903024466
1438000440,526846.9384064421
3326069026,591539.6696288766
9353300600,324592.9198136289
8691410060,735283.6393891057
6332940070,524500.0149415754
1310980110,281669.0519109848
7428000120,239023.92825493618
3626079040,598248.023249982
2722049077,291028.52299527056
984220290,292911.15693523537
5347200160,286429.4759809421
4154303655,494358.53465249576
2953000250,262358.2461988821
9523102447,641961.4040178687
5104511840,439330.81848372496
3448740250,444163.6574211107
4219400290,1031793.2614070612
5152100060,572338.4486124939
3279000460,223689.8889027779
1102001274,1349953.683230341
1251200155,1168971.2435985664
2025700740,270750.33104893967
3820350050,364042.87802161
1245000438,708480.5765857253
7853230200,453323.66004688095
3832200070,253857.26192838702
2926049400,513952.5167139571
1246700251,959290.6637120923
6372000155,578996.2012841516
7950300670,325722.7460869444
7518504130,515699.67071143555
9286100200,438162.3355530238
3992700585,463295.0839400767
7234600786,813276.6589296312
5476800069,361325.23887619784
1126059201,1439431.8110057628
9527000090,471697.8307542744
402000115,284841.3324281434
8818400450,983184.9847244825
2475900840,277047.45369389467
1437500015,180425.00376482942
2848700095,445601.9650202089
1529300135,371682.3711247063
2597520090,782846.3247222983
7812801125,226704.33347414766
3343903647,344828.47170401755
1951600250,142350.23893259824
9542840590,257989.15454867616
8081010040,1003232.7206538353
3262301355,1134017.3669725205
1861400068,428091.42485733086
3295900490,431405.86059466633
4345000440,242521.01940892983
4219400465,986272.7472859498
3797700030,266083.68912909966
3204300860,773350.057571013
1930301555,532721.1116241347
8807300130,345562.43009667343
4391600035,243961.14098763652
5021900140,1780870.198456174
2946000590,257703.98410765445
686400210,542357.2840794408
3365900462,256332.7400889062
8682262170,394163.67832374637
7312400325,314907.33408337814
3760100100,403974.3891833868
3579000410,465950.3423333121
1773100755,524806.2243592223
7129300175,316979.0723694953
6303400965,253433.97986366102
1328320440,324968.44600383553
3686900025,229182.81593522942
1221039066,383359.99481406587
7950304095,306753.4034779268
3585900785,1136525.7969495738
9455200329,546507.9684093234
629410130,743604.1789761318
1994200375,580239.8570897013
6669200370,960801.8695723783
7262200150,260783.03971824053
7504010750,614600.8825076618
5253300173,315177.0718496912
3395040200,305352.725360806
322069109,404966.81918321823
4054510270,1018244.5349578668
1710400005,622806.5736241295
8644300170,685301.2633057612
2450000290,1152927.0216930148
6102400166,514243.18890696205
1934800087,441693.20658139477
3333000775,281963.4453677929
5393600509,327680.777419594
621069039,353958.50396875275
3343903611,584018.6918554067
2954400020,1108215.78241081
7972000010,149817.88422307576
7214810510,423914.4570599535
5561300540,505711.41590027494
2634500070,398173.9558111246
6822100310,721183.9930386734
9201000100,618369.9684395539
1072100085,347254.1828165335
6190701146,448188.6292897577
3277800845,277143.8740639096
112900020,352527.3005026535
1324059048,665394.4901408637
7979900126,413146.8467565779
7199330370,443554.76210527885
6381500720,380382.9149345965
8078550190,284732.13768687093
7853440140,778455.1023803273
6300000396,401386.0867040509
3374500250,383592.08127401315
3343901188,268916.14240446663
6979900010,810100.2583665408
7199340320,556035.4602538798
1112000125,384607.731516722
9269200150,352040.9334874507
5104510210,305512.283050315
925059219,637421.7210841336
100600320,199890.053284491
1789900080,247577.20353486552
2123049142,319452.66530145577
2459900040,567060.7264289571
3902300450,617345.2710596635
7250000065,308931.0703110146
7823700005,267793.48907322116
3750605247,232156.21033698873
2771601730,449856.4276361324
3298600440,430714.6645272263
9141100005,566525.1530852342
8682262190,406830.0055682278
9407111250,254904.56174055135
1336800010,1844692.6649693144
2255500060,590192.2957216752
7950302345,278180.51432205125
8658303585,274349.1159601371
9184700600,993020.8895403905
8068000440,269712.07201927877
1310000130,317526.51594405976
7853221330,770120.4219392111
1222029077,341720.39751883474
8562891100,327593.07713400625
2517000260,393798.7140346069
2225300149,362996.0053906364
8651410330,175805.42558879484
2413910050,582549.2708532156
9407100720,302617.0514256484
2112700920,365822.15864604735
3761700251,969728.0763029304
1036400100,663085.1191414356
3585300365,608604.1627188395
8562750060,851940.1498287359
2719100042,545988.7354378754
952007055,428063.1625628288
925049318,603574.3030761472
7203220260,1009320.2865472782
9320990140,317161.06396312924
8567450140,524477.1389245064
5379800810,160253.6292954158
7784000100,492518.07168855716
3992700475,411908.87473628175
7905380280,424302.84414693736
943100683,429942.31932065537
8029770470,517475.31662542257
2818600060,1179709.4407436736
1226039124,385190.42662103695
726049184,254761.6025199739
795001930,228377.97083159065
339350150,764582.3147863372
1332700270,291142.38566858985
7548300170,757517.6969719621
6141100330,382232.0015129316
647100096,891657.723842736
6744700423,371102.1993588981
2895800750,272227.61735668196
4046600220,392600.60492117377
8809200070,397266.05504611594
293700110,791300.9392987331
4178500440,255730.1594074501
4358700164,250647.82645206587
9197100263,274309.0214486477
2426039313,308194.6202352094
9468200163,629225.3647924687
475000190,504513.7236424922
7504180170,447028.4580420628
4036800170,500601.19283169106
2561330040,471612.7950196148
4123400340,494276.1477910745
524069115,844390.3357227071
4047200850,323120.59453167993
8651440230,246573.2136544481
3905030140,562370.8021021651
510000641,694657.453694066
8663370020,413191.71747361985
2883200760,677800.7274282724
1980200384,805009.0564624724
9468200140,497317.2798366255
1796370150,270969.0424635547
9238900085,538635.3218773241
9191201325,548189.831124511
2538400060,885470.4347859144
3758900037,792904.5719517041
2472920800,402330.2820379087
321030150,319297.20662799606
2571910100,288919.5132324094
1423910670,304502.7279114662
1118500030,825653.2721730215
1939000010,646754.456166921
1776460190,457223.711738126
7504400290,652414.6941454349
3448700070,411350.7366359799
7518501025,559247.0739188411
923059252,526741.4216863539
1431700210,246821.11391849202
8635760480,563592.2457087649
9175600025,1413025.757654164
7922720250,524724.9174488363
8944360390,489592.8521622836
8948500065,226893.89629947132
8669160310,265870.6973682888
6117502745,429761.61196128867
1789800020,410401.49572574906
226039186,280478.94209820713
6457000080,245781.60230691175
9557300080,546884.4146208037
8562790480,657289.4130075334
6430500008,477513.71108845336
1604590230,729849.8816039962
9542850290,820448.1990226838
7831800395,274723.0783118763
3317500030,1122360.4385996703
624101110,801120.9551662835
3654200039,366423.46148373355
7856000150,869671.3815840161
4338800685,246822.1962082875
3211230300,424629.16695746133
3904910650,562940.6275848045
3598600088,290591.2029712157
3796000400,373466.77700907155
7972601280,478734.11324120354
1450300050,277871.7295818296
7504050090,734938.9212167289
9202650130,569073.9694094219
2419600075,361962.27959189133
1224049005,991959.5022275714
7129303240,303432.4492157124
1922059135,194465.1483152851
7852020250,672769.7743720706
4139910180,1513568.450668427
4222300040,245661.03359132525
1024069027,983390.9136089317
8944600620,520822.3348152546
5040800060,714208.5576682
1036400200,630986.2748171444
7899800915,223242.41000705847
3325069025,526764.166582073
9408300310,633396.2559028415
1773100604,359325.00167099596
5451100490,847393.044229302
9536602080,191082.73285568977
9828702055,394765.3109814244
3362401758,499624.2328685023
476000333,463955.4505918508
4364700730,393722.61444474553
5559200020,227973.8839932133
7522600110,243735.18525142275
104510440,248085.94492184243
8820901275,490986.238169028
3298700125,258812.39196033424
323089172,424426.90886884736
5364200477,602666.8402351722
2222900082,381561.2531605719
6641800020,597662.3143374571
9358001422,292444.6557613543
3438501150,282093.95968050155
2206500430,495244.2860692248
9272201318,537494.2658574157
585000095,643245.4353587468
7708210050,420610.15694147407
9407000840,298804.84275767335
4027701265,506380.0203298516
8644210050,760012.9154125992
8656800020,345492.9046541429
3329520170,214394.77901167714
5104520720,316540.31741488987
3806000005,172967.8910486956
2330000015,808581.75222193
1447600410,273222.1391462964
8641500252,409982.443456776
6084600420,277688.11242810293
441000115,442596.4395064578
2597490030,777944.3625478329
650000030,703748.653558786
3585210200,406393.01946137176
5416501030,410421.049951003
5406500170,658117.5905573539
2916200065,422545.23371325916
3330501975,428147.706878951
1774220070,580603.804091821
8731730710,202581.06241136644
7861500150,419262.6312502137
1402630190,367618.1841355952
9117000230,285436.7703775664
7133300380,748806.32469439
4232400470,737331.6818000248
1773100972,342499.7063242837
9413400165,272088.5231468235
7658600025,530576.5695010197
6909700040,979267.8727864944
1402900380,286162.3044795907
6625910100,432295.5161362523
3204900010,610292.0776922423
5162100820,307637.27513363806
5560000480,166412.39527411177
1704900303,571951.6546534701
8084900170,1613432.9769198913
2887700091,707332.0367500398
4331400190,273727.3213469677
3762900130,326690.6869136018
52000067,581440.2776903738
5430300120,820100.2390755501
8956000460,607245.7911329349
8856950310,248129.42884248015
3364900156,365005.6602497293
9310300211,310222.1196774401
6448000020,1210713.006382488
123039570,412295.7930804638
7600065,593340.6036867788
3123039171,448148.1464222712
8964800445,1530352.4341849037
7857000732,373670.6826431921
7525410090,578396.2787316655
9541600350,710691.9443294406
3186600515,693035.395580713
4123820450,332453.1657113559
2505500030,1092255.3340163152
1541700240,330002.9159813483
6629300120,328316.9045175352
7399800150,495596.89218499063
9517200180,349304.8476791444
1313300340,514367.84782116074
7967650010,360599.45156078256
8807810090,376930.64442970185
8815400670,696730.5597313357
2310030500,275197.48713540734
2241700075,325188.555808402
2287400030,319246.3054776693
2827100075,293469.5466269297
1310700390,327096.01539495407
5498100010,405523.74455997813
723000114,1458971.697297453
6431000987,495425.9282018723
3356407665,226008.41696253692
7852110050,554042.4421514588
8677900123,432498.6293615509
1917300260,213650.04838903513
3396800280,585651.1538135124
8691420050,815874.3397768108
9368700006,301614.0421811669
339600290,348739.74391353485
1592000250,589947.680404272
1471701780,326210.9163791774
8928100205,612084.4186304141
5029450100,210423.0376100136
5493110080,2367887.0658544498
7883603750,270400.71468946146
1732800175,963335.7219286005
1518000290,327599.9158703928
8604900017,597114.3017872914
5379805160,326678.9688196215
1254200835,595784.5039523635
3179100482,443179.7524922458
3313600266,204021.17142829596
976000879,658509.8465352707
8819900220,588191.5562981777
2130701535,320523.2249011131
1176001124,574935.1947703087
7893805650,380949.02953124227
3885806840,810753.6750518158
3625600190,1285744.9424091734
8562790150,819756.9485379575
7348200115,224563.85729327297
955000453,431110.0971880226
6817810310,420743.58148700785
4040400340,450133.3014336897
1644500050,817413.5359869114
8029500100,336830.3954067232
5244801230,686788.1213893114
1115100119,379978.434191836
9542400010,812972.3892076273
423059387,667183.727002575
4023500990,340008.2885534072
7899800857,275465.5755117014
2976800796,240256.74582295885
1074100020,342667.1930602714
446000010,642228.6206020241
7942601200,437136.6700181208
3575305495,888272.6786869464
8691310040,768248.731751143
6117500430,671295.140772315
3924500130,517712.8483906739
2028701075,494746.57673783094
4330600360,239518.9649858318
1324079082,434427.8270859835
9268200484,679922.8892737044
9828701605,566384.5778814583
7518506715,964295.3849545193
5315100277,1553546.3480557175
3942900115,316182.28164486564
1561930020,478283.2799084972
9510970090,652787.7941727673
6163900821,345976.92864956806
9510300220,541729.0152389795
3869900146,338447.3393378041
9262800208,686831.2340198928
2522029039,641571.6439837503
6865200095,717083.1206512561
3782760040,479337.87576680235
4237901250,529094.9948508085
2891000610,211327.60893274128
2749600095,506681.894295043
5422810010,355718.55567878165
3629980350,764240.9041111551
2459500070,306610.92215126747
5113400364,661872.1685543624
7533800885,730843.9585879784
629410190,748218.3566176766
8651431100,187009.6706604114
7960100050,577916.3967885406
1842200040,439981.8005260063
425200205,245339.54835614059
9477201470,370349.6516260014
7905200365,482675.3867353484
6381500635,322093.7780978327
6052400175,372890.92351359077
1236300268,477543.9632883539
6072800265,1504608.2394654632
3423049311,243263.5750297
3755100540,390689.6937255934
7852150120,393198.7622628139
4180300050,389689.1828981901
7625701935,323768.9257226331
7132300550,407627.97908650624
3025059093,3070992.3166813
8161000220,428350.0535743512
7852011020,579181.0386261404
2599200160,309394.1398834476
5536500020,540413.9076924335
2095600150,256642.20434020483
8910500226,348574.9285171571
1681400010,805468.330326682
1424069110,763845.0101174702
5127001620,310935.13715039066
7940710070,391140.8999031347
2413300980,294831.98112036317
7853400250,614275.5504765521
9542801310,295569.02143624733
1890000169,534709.9651686469
2720000120,301780.6984138108
9424400105,484839.63292183453
7888780090,273623.77073327894
3501100280,350217.32038617815
3905100220,482390.81988351897
723000150,848774.5123319156
8691310980,727111.2464580631
2297400250,455468.4028722479
2892600056,237655.31453615878
5273200080,549654.6885706246
5145100460,439392.91397420777
5561401260,562535.7749768761
7732650040,868357.5982055297
7504101280,937146.1098097292
8581400345,273969.20879874314
7129302800,368589.2177742414
9551201560,564025.278892929
1546600020,670424.4570806487
2648000071,234466.17690007595
3339900640,220487.23713544593
7853301240,451716.9624523382
943100262,352080.77488473395
7202430150,868376.8874447292
3558000120,331484.5101581787
3890600150,486627.02781658864
7452500315,261945.14965535514
7173700591,645461.5076090812
438000015,653019.5413547488
928000020,419829.0454822471
3830700010,406456.84071258234
3845100640,405138.54557713977
6675500112,335091.0751882104
1773100920,327707.0409998697
9485940330,435119.57201560785
5561000600,431706.4729190953
1786830090,591439.7598934958
2011000020,237351.03961237404
8024200681,413894.3439185553
5452301810,1718968.8965981237
5515600075,328463.57317856344
357000135,1318683.0423878974
2541100010,554762.5752442282
1090000036,500615.6643240333
3459100300,396880.4621084384
2450000295,912397.6868568043
162500015,417721.4283853553
2592210290,803250.4144169051
5101405265,510604.79114642355
1122069019,705026.0076145023
7501000220,851214.0839949889
1310900140,322650.0425271832
3298700941,232818.4695413038
1972200382,410643.4531438259
5100402764,487704.43843486503
2623069069,658769.0338343953
6372000280,504846.0884228614
4305600240,483782.15215418156
2767602094,542709.3098914291
2500600289,135660.6205169174
7203160090,819312.342580724
3521069146,568589.8100641463
824059321,1560031.7426948664
9348700610,796128.3323504657
7228501745,540584.7452290384
6021503656,417143.9824771917
5437400630,595238.9836491789
2207100740,425761.3126964793
7202000220,427307.33672431257
629811340,701677.2641035666
1324079029,295771.6092765774
418000010,182842.43387357192
6303400290,205563.1644514335
4139910030,1107820.4592973127
3023039066,373005.5913612722
8698600395,194343.3026807155
2799800710,310704.2906407723
7351200050,719932.6266744882
8564860270,496352.0576164943
2591830020,379762.3871650947
4139420430,1284547.9580953927
9828201725,503221.61652597686
2420069604,266396.4217238932
7224000315,203174.2056006635
3861470120,1852335.7252460627
3222069151,283902.8633329963
3869900155,389721.80156588607
123039346,307476.61547122954
305010050,652670.9173863721
2141340040,719976.3067764516
7504021310,728771.0670905669
2436700315,551116.6571950365
8732750100,439696.1277964049
3298201290,360014.61239389627
9241900150,1185075.075001906
1180005220,211412.75819953566
5540000050,292030.3070854957
9211520400,245112.2811601513
2623029078,456803.2476629407
7132300695,420246.153016653
6430500219,444407.642683857
6084200100,394014.36449516163
7140200280,256247.6952637603
3904910610,601319.9769472057
7625701900,438272.31081872276
9432900560,325523.68060871755
1388600110,245348.06804101853
9126101201,384107.0075663939
4224100030,383622.42845840857
1109000390,580778.2908810499
3336000296,257869.5475460109
7504100590,745235.6792391458
2025701060,277497.2781948642
7527410080,603978.7694027945
7304301045,248730.71831660418
2591840050,448533.8453052334
2767602490,425027.83942371566
5494000040,922046.9072070982
2473251090,282947.31787882186
3825500080,467234.71084825083
2309710150,353337.89159638644
8901001335,630281.1567095972
1781500435,318707.44281548564
8835220200,325287.79110617074
4037500335,497255.6457679992
1338300180,1761795.29451659
7968000120,273658.7354868304
686050100,879877.4658090834
1180008315,219466.3264294381
1657300280,435894.9048891842
7856600170,647691.4231517343
4154303125,620211.971610182
3295730050,620496.1982110912
1777500090,639052.0999959889
203600470,663786.0748049706
6673050020,390836.70487572585
8731980680,258315.76593025896
2273600260,542927.0637940388
1000102,292949.1152314382
4197400005,518315.2046145875
3378100100,248325.39502590412
7856620210,846962.5145926399
9275700765,1127225.9360520295
1246700136,412140.5625901785
4239400740,173267.10591060042
3306300630,195196.66460814752
2524049056,1094974.2693170228
2023049245,232592.90187400073
3210400340,253712.3205552526
2621760350,284329.0937579673
526059183,434850.48060322145
8078460050,649558.9001908557
7504110050,697626.9787149456
3876312840,418802.5640926199
9268850350,301590.1952588278
8085400490,1158483.789669077
2722059185,453664.20746825886
3644100101,359582.2251209612
1321700030,718325.3012747114
5608000630,1382596.9359727406
825059349,1404770.7874681144
6083000071,237284.25405207442
9164100105,537931.1699623064
1425059145,413541.3733372367
5210200184,521663.366239844
9477201370,444014.2615196668
2927600630,792603.4494673549
2619920170,793706.2537651034
1560930450,547977.6299315857
2896000510,557676.2021608878
3034200067,589821.2828310089
4025300360,362379.929151895
3362401295,499184.295321326
2391600555,403643.1993685337
7550801170,519039.723189572
5347200175,279800.8154855128
8910500471,434571.77073752484
7199340560,477699.02929836186
9266700175,372557.25133310864
808300270,463818.2894737086
2487200875,463992.876533117
8728100781,270759.5967009108
5379804888,267006.9066790791
6619510060,420048.56964519154
5416500680,404235.4168826496
1862400087,449843.7799490164
2126049277,431910.9113970588
4137000070,317396.68794663897
8081500060,2180867.1014032653
686800065,961447.9560966687
5561100180,545004.0770872216
798000342,300162.47212301573
5603700095,521619.8724898416
7151700585,1188079.069340298
8129700565,602320.8580176223
2782100260,647314.1464872253
7011201106,380830.39545493753
2423069084,519254.54531449755
8141300300,319121.92678046436
6601200040,261902.60496164297
290200230,649995.3578422291
1423900220,242572.85570379338
7303200450,230840.00845083938
3755100220,378290.37698561064
796000235,224397.3680635423
7237501040,1110346.4983680353
7203220400,891514.4576521906
9285800275,750906.9220700703
2061100435,474578.7798057428
6414100025,529988.8639612081
5317100750,2285034.788033527
6145601000,473399.2534142675
5634500775,524564.7117623141
7375300160,605859.1561407363
9558050360,518132.99489950464
4151800420,641186.5746173231
3751600146,189364.02433006416
5302400080,576145.5751679161
357000005,500283.19334605185
7283900306,444621.4443227372
3738900105,333169.2205510259
6822100305,687207.6128752163
7436000205,482332.67656271724
3295730040,609392.4734451125
1526300015,425446.4716494972
3294700101,219813.50020247162
8864000970,219435.5314758035
5469502700,389027.00576557557
8078520310,260051.9996734375
6154900130,326560.1802496375
8945200830,204270.00868237938
1085623630,422505.86473183637
4013800131,225243.25588539487
2287000010,613141.3580594608
546000930,694674.5498077746
4051100390,212397.3298844001
7203100120,672602.0316283269
7523850150,288262.0559985347
3826000665,277581.35972086026
1311800560,217214.6264579904
2877102180,486525.4558664635
3221059044,727852.6443904238
9169600110,533664.1639010247
9510920040,747121.8909047014
8813400155,740290.8122708314
3896100130,1013180.6302954004
2568200740,750195.1728811136
1217000340,318431.18747701717
6430500086,420473.91282600304
5634500234,480742.0835175738
825049073,513806.6309874597
2391601445,1057185.035145572
7881500330,449926.38285609504
1721801591,129272.42204740024
2473390710,304580.62888385664
5634500891,351651.41740645654
5515600163,450950.8330571386
2560805630,271935.51251873106
8078350280,612158.9357030834
9477201060,383775.3439142468
8827901350,745520.0252522213
3560800040,410104.74877497775
3034200370,525879.6699816014
1328300040,369753.17111033795
2483200010,539939.0883432981
6071800480,420865.47466435964
6200017,242302.21355639215
8149600065,786011.3772965383
3362400615,512043.34229287965
7518502945,576310.449579103
8001210120,277316.4746731378
8682280340,439882.7546407161
3623500408,1596675.0204682818
3764650070,489268.88455394097
7937600380,372564.82375251973
923000580,598887.2756220547
217500005,417740.32464573364
5419800510,248874.02715058648
8562901250,535457.8043187519
2212200100,274447.64424351894
2310100240,357376.3794741698
8582010240,629528.0732549151
8651410670,178397.86724071493
3330501645,315887.49108867394
8113101232,375458.80734087876
7849202190,324911.9898463889
1864700300,309023.403753457
5231000060,308905.2228416868
1565900070,231607.8801171953
7555220140,703482.0261668216
7518505160,520683.8137009701
3322049005,665944.8266110905
808300550,409175.915094308
66000265,374971.5198364067
2880100675,452519.93619987386
1524079156,413873.1933714172
3625700010,1695685.3217939632
3259400024,348875.0428679739
3205000310,403093.6469893926
807800190,287925.86617360904
2783600210,441313.93111114117
9290870040,828169.6064454376
2561360120,428387.9945983626
8857100180,450596.2679260442
4388000070,237275.4506157417
3860900003,970416.1045752801
1176001119,574866.1671636495
6084600330,244640.77873527148
7985000100,217419.16057250867
8026200080,342299.76900907484
3210600010,692565.5769761184
7558300170,482680.94262871187
7852180340,449187.06969719846
524069011,567346.8709716264
3361401011,138473.5938240665
6117502455,232087.48205682775
5602000025,214846.03827377866
4142450490,306977.29592050746
5306100255,401739.1522606629
1795900120,580778.034267265
1193000280,893818.9299747013
9238480120,546954.1741389697
3630200780,958790.9247515617
1250201130,471601.6137393935
7796000095,1152706.7680267955
8635760040,481584.13525203924
9476700135,269551.32979700045
5249804510,443768.97347662883
40000553,218726.36792888105
3204300625,855096.6790952651
2596400050,392654.71211943525
2724069103,419466.9488882752
3744000040,423157.6831679492
7525100590,401049.21914982545
3705900292,420929.80357772496
6169900790,1955556.6422146687
8127700735,985631.1887504897
3761700067,792367.976734893
6065300570,946543.8188040607
4022902050,466278.9434612849
3886902590,564990.0355527439
4107100190,1465894.345365777
2909300150,654352.2572653914
384000135,452148.1726781803
1005000036,395865.20882732014
8856970530,317716.3344308518
3448900320,582987.2691943326
6713700100,401765.49298074143
2260300060,2064042.3671843817
7273100026,695712.3589630189
1277000020,875992.3804208935
2620069113,325207.35212812515
4166800080,317416.93772743247
8731902680,233689.8135950821
2599200830,212715.50347161185
7569500010,702455.6444432879
1825069031,631985.6681280951
4443801495,633723.8508915295
7805450110,667081.1586118881
3345700207,501978.6194917941
1560920450,901405.3737632729
3629950010,457132.61323130963
3782100035,279379.830786468
5561400340,718036.8967023627
1898310110,249220.14906814354
2122039094,519049.23608549265
631000040,614476.4245444754
293000145,414517.09439917176
8121100015,401293.14588459494
3205200430,406250.55905670725
2475900565,372987.8417400721
1651500040,1995690.667554849
3955900500,401879.13057420956
7907600100,241413.8734521854
3123039136,325261.63008689636
3972900735,297006.1891005572
1424059130,384417.508538782
6792200282,270053.8079495226
910000104,262043.10488099247
3751600784,314272.9173670146
946000295,445051.7905719704
7749500070,355477.559732757
255550070,360401.5442192896
5151600340,274006.3968906672
5415300060,515262.4618994774
287000110,517369.80490435497
7585000110,210801.8160418052
8121200460,537930.1618285147
6891100090,890947.9779065043
7575600100,298517.62888505834
4240400140,593662.2358286803
4046500510,337007.88729391486
2944010240,1034760.2748403663
3449820380,537348.2671954082
7203102140,312903.42759670474
8665900291,551216.6313436413
1775930010,433437.15216876386
1118001631,1389765.3660191393
8911000445,346871.84121124377
117000100,570084.4749721094
9284800085,432229.3513104205
2795000080,471350.2234644224
123039207,396485.3229870666
1312200080,226684.26729602757
1236300290,1338848.9426897292
7549800168,403686.0968632305
6891100260,860059.91146078
6072000910,537122.3497000652
3226049184,392396.623409444
1442880320,519520.6672501019
23500190,586702.7984225798
6021502070,517576.20800501294
4168000110,195281.51211484862
792000006,176141.65008452677
9558200210,236485.53124813508
3840700757,636382.228374496
3876311650,551251.3109416915
1328320800,321163.9412357228
5006000170,265073.49613949255
7575600430,261014.72027577972
7686202580,194931.94265975355
2524069097,2221998.7899299874
4292300024,335323.91784021154
2726049071,414178.21451638895
3526039019,717510.1882475974
3300701365,466528.80737523723
1274500170,196069.86163466133
7282300095,260414.927236224
8562740440,761392.8491070723
3761100045,1759981.8927004365
2877104265,859968.0857372781
7940710100,507249.97453269456
6071000030,905813.4650451875
6448000100,1503647.4183943656
2923500230,2702467.4337770683
6751300375,479842.3371089924
7214810350,481139.0204327573
1088800470,570365.5398981126
7129300420,256362.0348406984
6149700405,290991.58453960996
9521100855,462430.6911359234
1861400116,707786.2212306147
2787460720,206769.67292424254
6073240060,724391.7560289919
291310100,411041.8928232
1247100035,945236.2578460269
2626069030,2024515.048868497
1326059085,479953.15069799806
6447300265,3284683.0296727596
8651401270,183360.02592416585
3524039209,908371.8384624199
3226069049,1144293.643033303
7548300425,354104.40983444423
1438000360,523880.97501169954
1777600900,669803.7852647196
5244800695,559187.3036804048
3387900390,240330.20473620528
1954700615,815806.2957237023
1026049036,303063.4046269089
1683500180,232362.77734686338
1939130420,639907.2444039868
2021200530,1115137.8194242825
993002325,416967.902874908
2780900220,257188.81959334022
2540800390,458741.9740524756
2919700540,706087.3305592674
2787250090,530405.579554095
8651442520,275894.2948458859
100600860,191273.90823014485
1437580480,998928.9053404694
3886902505,641895.4267634924
173000140,434578.15034623654
5151800045,569213.8609907291
3010300240,528690.3049831957
2085200261,285806.76522222155
1839500065,272069.1795226807
1049010300,401999.0277256379
1328340540,317510.3885730729
8887001625,442644.6077501134
5332200320,671365.1637101412
7137960030,274069.53062570206
5468780250,331922.6383548071
2436200715,610163.5082977614
5137800030,303731.9437315652
1068000520,1476130.7020266035
5379805121,409255.4043486759
7445000105,453729.2954687118
7942601895,708172.7480431775
1727850350,950083.4340622481
9407150310,313556.7557605617
5569620550,737071.9092080274
3179100480,516671.42987236107
3624039111,203958.8140678753
7844200050,301793.6357162293
3304040020,387271.89710074494
7739100155,894630.7105795372
6099400053,201048.87642122858
7468900270,201825.98722405496
396100025,351792.57677457895
1160000255,393973.7902559276
6300000320,383725.5997737635
6392000570,402301.4346623037
7387500235,358722.03198769764
1121000058,487309.536037905
9828702120,612101.0699734605
7715800310,458904.3413165464
8562740370,709869.5696152044
5637500070,419906.5833421099
5561400470,642297.9599551432
1189000205,456920.161447078
2412100025,395656.038969296
1073100065,329942.88146221905
5160300020,525942.0685766473
2770601677,526636.1281473264
5104450070,401834.4774773981
820079043,329548.1448540977
751000190,389467.2550831883
1823049179,363496.033814006
7430200060,1256048.125253969
3331000035,613650.3224531971
1775910370,614912.2720815695
3626039299,519295.5041138027
1546600125,621810.2731865455
3260810150,323968.8989069498
6817800330,344925.42864800495
414100045,391557.7245690542
1326039061,377674.63260187884
4055700030,1211146.3777844806
1225069038,2242374.645337025
2296700260,458492.5595181831
2822049160,211060.2337375166
3395300260,520824.86350110796
5144000036,330727.62671406614
809002290,756706.3335205709
7334501410,315728.8913657255
421049114,183546.9788683621
2623069010,870908.0526620059
1133000144,576426.6086328097
705710290,309073.5779349837
7313200120,557455.7459893845
1269200150,272729.1630805509
9264930970,318646.2225120448
6819100020,1947644.305840315
5112800421,273708.31950047845
7846700850,262299.1606802212
7227501450,248263.69866525798
5451210150,706610.1933486551
4140900140,405691.3462121838
3537900180,685649.3967124729
7738500475,406853.2319971278
3541600450,412882.0012946999
5379800040,285052.0698551155
6664900330,275023.5204487772
6056100312,393921.51239138935
7766200013,512332.8686340606
8651720470,449704.5692964088
5690500095,722598.545594966
5423010180,807367.7960904961
3204300610,540101.4344094046
3425059066,523113.65970673156
7856660130,1132000.3417239292
2954400520,1243961.379026684
2327000110,883882.1762859828
9526600340,720392.8224640928
7695500200,393951.2134946998
7237501180,1160121.320169761
2008000550,265129.5054538357
1123059126,476678.38418382604
1775500371,762787.8431040995
3459900230,1584045.984369968
2619950310,470407.3022861213
1771100330,356000.18218267953
1321059097,428988.96550935786
2420069278,256817.07304804906
3832050570,298096.4348221037
7132300525,486295.81470528955
8691410700,729735.9892517559
7967000150,350517.57076746813
1328300810,355881.2639792829
711000110,1347402.3105990025
9485951460,410005.2158259333
1771000970,344140.52158904815
2817100900,244381.20821393808
6817800630,366894.70908127807
3558900450,490623.2684280655
7215400770,376986.67943195836
4222000320,208044.37607705194
2791500270,267043.5199747471
424069018,827644.0081704487
9547205180,662832.9291483143
5631500947,579878.064290757
1425059193,1221181.3677933053
567000775,435149.64532663574
3904900610,493409.623507753
3649100346,404953.05734849867
1624049228,558713.7214487504
1559900080,365324.3694368206
2919702040,623123.4728500831
4013800206,206901.00283531423
1025039292,1080102.394792116
2771604640,731530.6932890187
7203600550,192773.50204032546
1545802830,259257.66973907396
3303910010,663259.9903327491
8617000060,907725.915630155
7889600190,246712.45903293916
3325069064,508371.86000256054
6300000337,599501.145480881
1172000150,319155.41559847485
3348401319,342619.19662751147
4188000490,907867.361031426
7779200355,608925.756241639
8029900110,443043.1394795985
4060000290,199389.33260265
9475710040,387095.6285616505
798000535,239315.3245977616
6415100410,404515.58832748735
4299700095,337749.34909422765
6117500955,393027.90967599215
2421039075,200280.56770305466
3362401935,549065.1821972175
1545800205,279485.6224762055
7645900235,700409.3863886454
4141000060,1141227.7881923208
9485800050,601859.2162670884
2436700280,749716.6310463141
7335400400,217405.45183480048
9294300495,694447.6657514261
6649300190,447360.9617447928
7950303270,302724.1455435503
2391601010,441680.44162460236
8129700728,585282.0555565015
7871500685,577733.6888245506
1498304065,579983.520869887
3862710010,432646.5569098679
9209900335,566740.9519511088
952006857,348633.4429662623
2322069168,531909.471049765
1775801090,461758.3238050362
5700002165,569115.022537688
4029400080,408096.08226088627
7796100080,888186.7101951432
9279700150,1822862.5472718559
3876200060,435949.238855009
2934800025,319938.957796796
9359100101,1168285.9902806266
3330500335,265956.82933690527
4027700466,398940.83781608485
3204800430,482940.22498351673
5415350770,701356.8749875887
1443550020,513861.01601301954
2810600022,345082.8114275465
1238500281,521370.60353266256
2591020140,465182.2613080487
7137900960,234597.62940677654
1328340630,290249.60587102664
3529200190,339649.1156291742
1624049291,859282.6569013785
4083301120,578860.0761518908
1873100060,713506.5347720672
1773101159,298890.5909374803
7214700350,468627.8725886975
3856902250,590682.1628636451
7169500130,526040.2271163419
4038300010,418348.62264777115
9578500810,415310.6617858714
3345100184,328445.8789712212
452001860,451680.7427331203
7905200037,571129.65354796
9376301110,520532.3829136572
873900240,292615.9117459819
8682262400,410980.8348750374
7227500910,198606.18668468695
2392100090,483605.47859691014
3221079050,392119.0124125329
4307320280,357366.6046680546
3211270170,508063.5469215608
726059483,703829.4606248453
424049043,691900.8822656717
6865200140,652506.0220103799
1155640050,438058.5783022955
4139430250,1316902.5855583376
818500100,177388.57301195955
7999600180,154674.86031298162
4099501215,818033.6794092662
4046700140,352657.29484381614
8857600490,196230.68977419502
8677900120,455701.2678492145
5379805253,178740.46329859633
9211510410,231784.66717999277
2337000150,257684.27789986838
1423049029,274526.8278050258
4036800580,475220.49590925174
3942900010,369995.7738998654
3438502715,358457.31870320777
7625702441,391466.0586869605
3905100610,455433.1388852756
2218000335,490286.3134160466
3034200516,356500.03459275176
8024200625,394393.4852090377
8564500020,329099.8635610354
9550202700,489092.47683118575
7518508625,602728.9768990598
1822350070,391766.08465515816
8921000040,832800.7963856129
6648150090,1624071.9201156362
2402100675,615062.3353973579
42000127,267488.9397227651
5100401160,476069.57727572066
7347600507,243154.5778239045
1839910300,335361.9077246214
1250201550,685097.8554614933
9460000010,284062.4136923533
3356402232,210484.67103924492
6819100150,639287.9413197907
8645501330,261830.49620436612
1556200005,1058592.2806644307
40000228,154067.13508076977
7300410010,358181.343646189
4299000030,362621.03777975735
2629600016,483096.94398785767
662310900,366299.6471745145
1909600046,498131.01043700444
7893207490,212985.8295392119
2524049318,1768641.1771514264
924069210,756345.0048551132
1591600527,367888.2249518455
98000060,1218399.9063555652
6392002020,703459.4921504658
2719100400,460310.9275110075
8018600655,427432.69261259853
2141500020,422986.8219298818
3277801580,537922.3045681557
7237500110,1025087.4600600121
626100023,518947.4163528477
4319200820,344080.61602092965
1422029138,539668.3950839146
9517200610,355824.5555279662
7334600280,285915.24272347405
8820902400,532742.2663718051
8944600060,522120.00436404435
100100050,320992.8220707171
8074200100,247811.44275891592
1836980240,807414.405666251
6648500440,327423.486550531
9530100225,616226.5983766761
2883200875,597723.31175324
4218400175,905104.8631369432
1022069183,635041.5778937194
6398000171,480046.28328144096
5021900160,627156.1290956496
8078410250,551916.1801589752
7972602490,351668.6260845266
1962200435,840159.4419064266
7221400285,189481.97213345242
273900030,226862.81656377012
2708450020,489171.75425519753
4083306616,416859.1602144254
3034200435,515832.0767121993
7855000550,1311289.0940555776
871000155,678382.7055347675
8024201714,564756.0460754536
2625069038,1242745.9086544523
2324800350,862293.7535118513
5450900010,1637520.4700713886
1822039225,496581.4633131451
2460700700,294288.8283194336
6679001060,307222.87857482367
2422059111,319764.01694899815
1250200345,336367.2792564611
5589300370,322878.34451437386
2021201000,1422236.6797055583
4302200336,251717.9236920109
1328330290,329151.76513467473
3438500781,380442.97782982554
5453700020,659209.1953533841
123039147,438311.18505298934
8691310070,889596.296865248
6450303785,332008.4516584978
114100234,459558.0583370526
9212900820,582545.7912597826
4270600025,297125.1070762757
7201600190,496046.0958901051
521049227,679965.619625646
6300500479,414159.0843210655
1432600100,220729.89655365323
1024000109,321355.6589018802
1430800100,314409.7344436081
9164100125,624596.4416775276
1925069183,408039.13781839795
7852160080,893748.805848883
5317100780,1190975.4978411118
4083304835,631438.6436766076
9478400080,802938.3210417718
4463400195,214371.83739313544
4232901525,554629.0998336624
3845101070,399066.42067202606
1843130980,301426.3893872686
3810000480,275350.7557851845
7137960440,289320.05743602023
1231001115,395640.4985865395
5101405340,478147.99215542513
3723800409,650654.5489435674
8651430370,200038.42440810683
6135300010,237091.68953800172
23520380,513086.74316386774
2935400100,526729.6097797471
6137500320,955745.8436042069
7841300230,300949.6956273855
3521069051,428272.82755262306
2621400080,301201.612309085
5104530240,263386.2195128395
2022069200,421999.9860750629
5469501850,386808.1794480399
9206950110,293772.76923690457
3298300210,348819.4403130253
2810600015,387574.4240929273
7298050090,502180.99168105813
7202290620,447723.5636384649
3211290370,471054.79086582136
1591600506,397374.91545065196
2827100070,328561.80779839045
2482410130,381859.8274671672
4364200125,455661.46785921324
6388910730,531753.3048374276
7436500120,543847.374177792
1822059156,696103.3687456693
9432750190,476446.1932105092
2205700405,437335.1983005397
6056111370,324132.9264455133
3205500160,412744.9844258887
6139100076,373658.47843969456
723069135,446164.21367519395
4123830070,323064.62193797104
2472920740,444146.32773047866
6134500220,618932.6608350959
2734100395,273177.47636221285
3574800090,440653.83598222845
3126049107,452617.7915762929
669000210,1120600.2948422383
1139000620,303159.7602961466
3825311190,717258.5149289923
7300400320,374370.1423320165
9407150250,299974.5018900231
3679400503,315322.99138031714
641900050,439000.53211905446
9169100130,510456.8705770278
8091800140,332625.0613720216
9547201155,550806.9447843216
4154302045,306550.5797931716
6638900265,684931.1692488886
1423069063,434085.9263966116
3335000025,439109.74219195434
9269200650,277234.632011335
1781500180,342528.8455000284
9211500520,206232.01921756731
1853080150,871543.435087925
2767704756,461510.0064777144
2206700295,424377.3081899686
2557000380,291272.42775117443
11520200,797338.7168136237
3832710680,250175.16086487376
2569500210,333072.39278408134
5230300210,272561.33293000865
6447300225,1369080.6172351467
5035300325,1195830.822211381
7853301660,753511.7148575868
5411800250,301458.1721943975
7203210170,707010.6306742359
4302200415,277321.09190846345
7942100290,220466.5016758055
3629860160,817476.8094069416
1423069076,559287.1430044838
525049085,572407.4574707724
3306200230,226127.68238525625
2193310300,446503.1714075831
7978800621,281339.3254643885
4027700632,435951.54704990133
1761100190,224196.22527537183
2749600245,578067.8281634273
322069141,464995.81313983316
1900000035,170657.58980929913
3361400190,204500.46986326412
1604602050,605721.776441666
9421500160,448447.3362566451
7788400180,312169.87201900175
1566100625,517881.8957572796
3861500340,250999.3461646854
2524069072,369486.47170352173
3013300980,388988.2396523492
4191500130,669428.3911135936
9407150130,317037.77486535796
3904902500,709031.4417462805
9510900140,233579.35802144647
3368900084,310359.4334911316
3432501415,292348.90326455707
4254000540,512607.83523681585
2767603250,526929.813625832
2923501130,632201.8447864909
9183703045,282015.5217924629
5279100675,280787.6987232488
3905080310,520939.92045123916
2461900375,616867.2585741162
3346300356,516762.53399421804
1865000110,388457.84691486193
9264930400,300737.8032686405
3447000100,617363.7757486147
2313900510,455224.259389659
7518507330,569748.6193904184
9368700270,228288.66906938853
1137400420,398685.62648401625
2023069054,351224.6183348936
2141320230,616201.414026327
9536601295,293272.3395893386
2424400130,367042.0045692626
5210200081,449224.13027540036
4443800785,534049.0522507402
7292700005,540622.066478369
9834201205,289583.7869018049
3275800050,255988.43669719226
6926700654,686659.4877901715
7511000140,1475763.3616332468
6821101895,627894.8328249321
8964800695,1072990.8410155487
6821100195,622738.1634327391
1226059105,600362.4145169944
2806300070,1272413.6236589204
1720069029,288681.8752597464
6384300020,461117.0043728054
8928100125,629139.5027217118
8562770720,548686.7286217079
8650300130,638889.529379196
2126059172,434775.150191003
8812401450,778397.0327803243
6646200280,633633.982106638
4021100045,497459.1523203199
1155620190,407296.9700360807
6061000010,363928.6047372365
3362400472,352041.4952719003
9558020240,477302.4434772549
7309100270,534919.3597158497
7137950210,325264.3448028597
7849200635,245024.94611685077
1311200460,264277.9438474515
284000095,929789.6534950901
1509700050,313392.8561264644
3438503014,308735.67092634627
9406450090,356752.6695256649
5096300140,407866.0749780796
8923600020,1482201.9023475458
809001070,683411.8623497229
2291400342,321479.85420957813
644210020,876817.6784898646
6700390090,259479.35194917044
5631500285,664589.8832136416
104560120,272584.82994986826
6413100311,387489.25046331005
2558700090,456418.3036067694
1471590060,731845.7147636071
8914100170,523319.0288711585
5652601035,402450.93538879737
7852120140,726824.5877556251
6163900952,383696.3655369193
5215200050,651474.3756996134
6352600490,780289.0607964077
3912000020,589176.7040423625
8830400135,232550.75728235178
5467500040,391315.6268795434
9406570300,407273.2999450492
109200390,225809.4682586895
2025770310,644188.2338838988
1939120450,676805.1542588038
7524900003,2834594.023589296
3755000120,340526.5978283369
2473002850,473052.9403976176
7625703945,412164.77948151506
9477000190,419742.30513246777
1727500230,419426.1891276368
7011201087,473686.9436230734
5561300750,494422.1479617929
3969300030,204744.75270600023
8097000330,328843.8621172702
2025049064,774105.7890254986
985001321,236622.98998678417
1775500050,409261.0070223042
8849300160,403979.45539244305
2316400285,470828.0870230191
2423020180,549183.7140375566
7128300500,516510.5377196303
9512501400,427233.3128325332
7200179,174011.41407334167
5490210670,527518.6060051742
9527000330,615585.3178290954
1972200326,518404.00919592095
4151800195,628050.4694273638
4046500320,382143.34946409456
9834200885,397828.7191768043
8161020050,587044.680742762
2891000750,214663.8102567475
3426049031,1301941.6188994525
7387500195,301541.2489694404
6303400395,150529.93501420165
638100015,380361.2146610879
4107100204,1806416.870852666
537000255,200852.52709857112
985001266,274510.78019918356
1137410040,469817.52442936087
7229900250,267856.0624377451
3905100840,483384.59950257
8100400160,612394.4174030707
1346300150,2773029.8518496845
1443501020,198442.4257864628
5490700035,384652.359792882
1954600050,386746.9582641204
8122100690,409552.08652869664
3663000070,477357.412054882
5101406375,519173.3021852026
426059055,608661.5301386812
9268850160,412597.99950943526
8731800840,244614.14264522726
3331001910,311066.9148653667
7603100020,795887.0565845787
809002705,792311.7060860199
4364200075,277981.86350749986
1113000430,176041.97363251584
1176001117,551299.9113348754
3320000212,394374.87306199764
9286000150,1304094.3575750939
301400830,263803.765760324
425059024,711308.1176907307
8835350300,545041.1985183855
7100000135,275369.7079718889
7696600240,207153.26565951665
9808640320,1262088.562684615
3764500180,601251.6231599645
326049060,572193.6869643341
4017110200,433723.89627236605
7224500300,240483.60975830423
1560930050,445441.40166391904
726059395,445297.1317756864
8964800890,1799376.7871159837
4045500620,637488.5523933106
8562710250,971437.6653437827
1775800710,359635.9306178128
9528102865,740130.9005157395
8096000060,468887.2358353752
1591000015,256233.97349908866
2310000430,272588.58735869155
3902300350,655958.3364990911
4068300280,244515.25031746278
8732130730,246826.57854818687
6791100410,490017.6601586941
7660100236,373202.5064227988
2568200070,870741.1408578628
7697870310,258604.68960087164
8562901100,647566.2570407334
4016800120,284491.27330942603
7338200180,570888.7764395666
6791400320,259290.94398881946
616000200,366633.57348856685
2917200675,431739.24619369267
2926049086,573201.1045237017
3621059048,384428.148143425
7987401095,731086.6343718069
5589900590,365635.72143313
855700170,544656.6227730083
4030500130,339210.47400177526
1755700060,374092.6060607275
2413900050,611395.7865889022
2489200250,487328.9134148423
420000085,251313.0339435458
8106300820,479211.8717529952
8651730580,435494.41143235686
8106300090,448907.9740381281
9842300095,430888.9779978305
9477000280,419352.5340054686
2877102495,443755.769491521
868001030,1096912.322220904
8564860110,551152.6317057601
6762700452,536536.4288138058
3294700310,182431.1621079843
7231501665,239543.62956649563
7525900050,559236.6793722674
7882600326,1481254.417187169
104550690,308238.1537904261
3425059076,1148589.1070301451
8835770170,1668916.973403175
2581300010,1248228.5865662678
844000180,238377.61661382375
7888100240,239518.89178954312
3845100670,448825.173914384
4027700812,511298.54887293774
291310390,365646.07469322975
9550200370,588008.7053127307
2328800130,275063.9093866049
2372800100,240669.34189456716
2923039264,501828.54910546925
9282801720,299022.3168818153
9520900230,567499.3991467464
985000955,244050.24165617273
1099600090,208230.86428559117
9211010320,537935.2798680289
3825310820,795299.8333418086
9545240180,616948.2581334166
87000245,164239.75167990578
5041300100,600487.7315747708
3624039150,249761.70949420478
1370804430,580724.258152729
722079056,445481.69463592296
9126100815,510506.78556751704
1770000490,352456.897325905
3995700250,367492.63368592353
7214820400,424479.4821612533
2473411130,318996.0711775969
1824059079,820361.0793766335
3080000030,532481.0743791836
984200540,308196.13653801545
524059063,1777304.5542966581
9482700475,736857.6976844125
8024200820,506363.72624826024
8568700015,359463.60394939163
1223089050,344855.1644741853
2205500400,467271.40105689503
1279300085,748243.2582973951
7376300085,468477.8356803464
322069020,409950.6752624331
291310150,362753.6151476902
724069059,1161686.4310878192
5255200220,441861.2909823443
1931300850,508947.83447369613
4427100105,375447.68836862966
2881700231,343433.4739151039
8641500280,307496.1387960267
5406500440,652335.3026788771
8078390150,684027.7121277796
8945300090,205524.30551981315
8819901030,754110.647802569
3179100220,777754.3858322379
2126079046,399072.1271776185
2621750350,307083.3745247702
4014400190,464978.4799537666
7853420110,585712.4648123224
2114700368,304953.96691510815
3438501081,256979.62327801916
6850700670,936454.916939226
3352402272,252454.10002803916
4157600150,656102.571994917
8151600941,322917.6751299803
5160300030,545808.7601930567
3820350120,319905.9014894481
7338000800,186781.33101414857
3359500110,781415.0495203438
8016300240,580551.1540842312
7203120050,802444.017834352
3322049201,275650.5134985966
7231502505,195788.31503900664
8106100105,2640677.052343464
3895100039,834980.4318449214
1001200035,232086.84133188057
2724201202,222357.86346403498
4038100110,500099.7192069556
8827900015,559776.1947874629
2644900109,375801.09350184776
302000375,232081.8934913056
1604600095,402002.5298344444
2600040160,675911.5690258883
2129700525,348512.4076201838
603000555,363905.79180773906
4083302225,958481.8385562061
7298000090,440505.09676920186
2484700015,555446.6001936838
8945100320,218167.6184998209
5112800042,478348.69823698845
8091411100,291119.9920233439
7375100070,492010.25948659866
7577700061,530643.8566392108
7923700030,467223.95260334865
4235400186,432479.3292287314
1498303700,881997.0774746975
3876312350,418491.2181649617
3797001815,455045.191304218
868002015,1209716.1690210686
597000550,479168.64180257387
8956200530,435362.1591700592
2207100165,483904.244245183
7942100180,216206.82975521387
2468800040,319457.4069420616
9842300036,371986.7915331946
5700003985,1764920.4104139612
2988000070,368732.4684031235
8857320260,570695.7611468483
2600040130,514734.03713627474
6632900452,554567.7059715943
7518505910,540221.144847544
1672000170,556950.8316175736
2597800010,501479.88863404474
8562790720,715631.3918221421
4219401080,1449109.477297513
7000100711,702151.177405894
7954000125,557099.5308828771
5700003640,1996644.6266136563
5700000275,755454.2765072546
4019301205,459192.275892758
8943600360,258360.08945757325
2954400400,1177405.9878675467
1321400060,262320.28723885515
2255500123,628499.1580739612
2781260070,399374.8870662887
1313000220,669206.6857125305
1125069153,1302065.3645544488
8899000310,235709.13211591495
4139450360,889915.3661682913
5511600315,569257.4430424545
3575302575,550029.8244339302
3226049054,493877.2065042273
274100090,332171.60927313985
1545802080,240339.9645091353
6669020500,310332.8686332283
3307700405,518637.6652480457
3760500407,1495225.0868175318
7853270100,715302.054495868
9320350020,537934.4352878437
7715800430,505246.03431850724
6791400100,336988.22552252584
7708000010,387021.7414222624
1448800010,282073.70672222786
1782500035,334583.6516838138
3449500050,459600.25229432154
2856100515,829395.4903363959
1245000461,1108875.201216946
1219000043,328289.15277549083
5409800110,370970.9383668533
2680700010,686816.9610580148
8143100350,383884.00525518064
2597150270,275338.09594370436
2966800010,356218.8605497822
8854000010,707463.3753065104
2207200635,406493.64563073084
1722059222,304365.1530199042
9358002305,276400.82208895386
6392001950,506251.8186453907
3630080070,401468.12294071587
3797001702,1129185.6744186012
8127700440,679759.1559425737
1446400785,222704.3043936415
5016002275,971629.2760207292
2818100060,1122848.465028941
6431000748,375884.7104628879
7972600450,335531.26125899126
8078570380,327782.4341872835
7889601320,204482.66729077796
1762600280,858524.348736491
3026059085,1426177.032269166
3475000080,766769.0418219875
1370802620,587580.6896495478
5151600285,275216.6365140948
2722049218,332135.832124917
7696300080,419176.2452144546
4168100020,228429.2774339852
1474000050,418955.77061242313
2473480350,326240.77153651527
1139600270,295766.1009188805
6699940120,353285.7967360046
7016100120,400062.0418097707
6752510010,807462.6501122109
7915100490,575718.9373857133
984210170,311892.55239821045
6159400030,410028.60221410217
3013300968,345493.09187766537
6404600006,241726.09786625314
2770602170,438687.133727427
1922059401,203922.09511759246
291300010,377873.50950178574
3856905185,525292.6941715698
7304300905,319422.93705763255
3416600185,558099.3772277626
1786810040,754681.088878415
4354700010,407892.4094533004
3902100175,730872.5920554104
4305600360,442127.47977566684
3622069114,633589.9708074749
4376700570,612826.6330295517
6795100589,604139.6875699861
3344500085,438985.1300331925
2206500105,371192.6867943777
8731900880,363803.1526740713
1682000160,212688.96955050505
5104200380,269257.43902260304
1982201595,557135.2969199793
795002190,208684.56083323355
7228500375,586322.0209790686
9412200280,436368.9793341767
5071401000,757688.8324963691
597000566,333560.1607248309
8151600101,154562.84325852964
2028700265,523456.45334690204
1670400090,201815.46436705548
7851980100,1136319.8641205737
5595900345,383710.5182891131
4046700300,350729.51773665607
4324210120,294798.3833724573
2616800050,529170.5341344678
1525079069,740956.0645613909
9828201020,541163.8289449024
2723069146,637200.8903531187
9468200100,561282.5491100408
2883200961,616492.2583503848
1137300690,664092.316376725
2473100280,350677.0055106446
723049448,229738.34552135525
3066410810,685359.1789358729
5700003280,920525.5137042041
9268200440,428587.9540432004
4053200410,300409.53266240866
1234000704,1405435.5445073156
2473372170,421474.4186963631
2523039239,227178.53479951684
4324500490,206738.38981483024
238000244,459209.80441022024
1105000571,385688.3851819247
1771000430,332667.5071954011
666000142,708272.7619052624
3389900800,419660.8271269886
3578700017,551038.6579613718
3629970190,763007.7478300424
255450250,321726.5600186549
1154100205,290988.11587422114
3629890190,1042970.5948039915
3905080870,521820.1034382676
8155820110,297527.2761214593
5135000170,739588.2920458214
2464400435,612554.0239680615
9482700080,536020.1033709757
318900080,425051.12836927606
9477001410,400424.326230221
825079019,612526.4996263563
1471701200,428915.3106619442
5606000120,888791.2476281642
7853350220,578859.8938700847
1776460110,448350.68576287484
3904920980,675038.3057550734
8087800430,549358.3254088335
3298200320,398894.9807370023
9122500080,277171.17937021586
7893804845,305970.9138991274
1370803730,657908.5740322608
8001450170,269049.44429311424
5561400260,653247.7261889746
7308600010,763327.1220364259
3524039060,378443.1817732339
7300400150,348288.19626077637
207700050,551081.8354322999
5595900355,234925.2252452012
2652500285,783823.1042781838
6744701310,1371453.403451896
525069127,1216069.6313003553
3334000050,421955.2387903621
8682220390,688998.049814339
4038700380,580139.807639884
8073000265,372603.33767955727
9521100960,785153.7799903033
5634500688,948236.9021662656
6813600440,439716.32844625664
1072010350,436235.99078693363
7853301700,637412.0403086734
5141000571,325982.36702573893
2013802060,380305.0737772236
7852070210,1265102.135595752
1402970070,323064.9064679798
2310040020,358879.7943752788
646910560,237505.2489615811
6647400090,422708.05093841697
8682231110,553248.7796927606
4376700330,587279.4727210578
8069000075,647833.7853164295
7147600220,219388.66748756694
4142450330,272553.8910467549
5101404698,472042.4976813441
6154500070,907946.6893699166
1592000640,620054.851704378
3756900027,728398.5733159924
7203220130,926105.1680138414
643300010,488391.36053415894
8651720150,489083.98638921115
4139400910,721459.883433823
5054800110,322922.2391040771
8835200330,384873.99285124836
7682200340,270587.0944904104
7203600745,399375.970453126
1895000260,195559.1483505763
7922750020,575313.8872251492
5437200050,433559.32877079473
8732160250,256274.57156495616
1442870440,495937.7960384012
1471700410,413547.1986566
3204800330,398656.0550960664
1923000160,1015966.5689299244
2719100013,399618.8813647599
3814900380,362140.9486830593
326049038,480302.7319571457
1068000110,922086.3911530164
8835800010,908394.8595969274
1560920200,432513.9248828529
1668500090,695101.9423462163
2597530070,854715.3647530266
1139000035,568012.9578400214
8032700072,492565.1454154314
7732300390,733312.8987596846
5130000080,497773.5770780242
9276200890,471954.0889829714
342000036,497405.5434311679
5126300060,495225.7558462159
2331300505,713605.6724315801
8651410090,185881.69484693697
200800330,401764.91437820974
7520000616,348367.0158058165
7170200110,463510.3117480474
3021059155,201699.29273732315
3582900280,885665.2268112102
7340600845,218817.77287067915
3905040060,522031.15988719044
3224800120,303337.13328804966
6021503740,483605.11916594795
2570300130,452443.50494862825
8121100395,578836.8263017121
3356404198,296647.09519309894
3630090050,738332.688882019
923000413,472674.7070736503
9201300020,1289026.754757584
1777600210,604404.6467626862
7738500731,3588656.23537801
686900010,932470.4921909155
7967000160,347538.1154254634
3413700130,549899.8305975253
7852190290,575108.6173088218
1180007375,696522.8543165947
3353404510,299442.74270228576
7802900380,342260.844815285
8021700715,626586.0986554177
3205100080,500954.0324197075
4477000290,500721.69259452046
1118001645,1364654.3206101018
7979900806,314096.86171462236
7228500415,745816.7326699159
7212660640,313477.5337839727
3826000735,209503.47660432832
7714000250,426726.526217603
4400200057,625889.2701614264
2487200279,565087.3633153194
7140700690,263190.8451161002
3304300080,552802.9804556061
2887950110,253584.20543668763
3760500222,707872.7714007898
9269200786,394870.8351948488
3734900110,213188.9399722054
5045700400,546702.7313043834
2140950130,468894.9054919436
2612000200,374581.80268203124
8563300085,397985.77639711153
2425059173,679072.6565296372
8091410930,275372.4050191951
9422400035,595335.5037409286
1112000100,670990.511278361
1323089056,397971.50265482214
5015000596,930261.0279457752
1535204165,448270.8396000519
1438000430,455224.77013477776
3222059130,508981.18781614624
1982200330,626952.6522164713
6624010010,213917.22815604164
2303900035,3772078.4500778834
259600620,497638.0951371831
6072500490,529189.6188969803
123039633,361919.6734808799
8562780090,322717.0677999299
5249802240,622664.6473251751
6071200400,545109.5981542614
826069002,293275.4827751105
2625079030,777201.4759998559
6742700210,1241299.8934135928
9253900408,1501058.7023705665
2560803085,221185.68774086892
1237500540,300903.0452938721
425069020,1105993.072549016
9185700440,2122856.0130098835
8656300345,367705.20390195964
4245400045,268738.6359053739
9834201370,400120.5522763317
7853300770,422299.3065146599
9551201295,517165.59280224156
898000220,243149.44464504288
3834000720,358506.8020180436
1245500690,719371.6624123732
4083304190,570532.0507670168
4178300080,765780.2714255467
2960900045,602352.9950960133
1446801030,250931.73550706197
7855800910,622169.7747891708
7853310150,633055.9653352572
8732131090,283589.64856542606
7967600285,424797.91862341133
8651520510,570998.6606622426
5379802650,234299.774742149
1425059174,468075.7131222737
627300105,922796.6106379324
3124089049,470233.69853139244
1778350270,746401.2953089087
8691500410,384928.1138151686
9169600043,545649.5149215276
100300500,322449.5545782757
3221069054,757934.8530767681
4443800385,659534.9920410259
7922710450,708752.8518868111
7880020030,649297.1455978982
3288020050,346095.4190279486
4136980090,629439.6519733582
1687000240,283690.84266495623
7812801785,217637.7380493509
1126059144,712727.529386725
792500260,369461.74332840554
3222049055,630512.6906799634
8635750090,683829.9516729199
2767601280,824004.0399000342
5347200162,263044.06759499974
7503800210,257028.22813074288
3394100020,934403.6133962444
7663700783,401461.2109026945
9454200030,368618.43893540336
3791500050,316210.82906949223
582000185,589156.9949553581
3211230260,444708.3871138046
323059103,361405.59080356907
7297700055,341271.9714963625
1545805460,248523.52264876183
2341800195,305598.8662912236
6648700150,272640.27735964686
3860900035,1711687.3794561888
1980200236,554874.4089402787
1180002745,334458.80232876487
3275890310,656774.0158031841
6840701100,561205.0036238175
8651402750,156823.31819894337
1588600045,417887.28046267154
2422029094,303023.3020924344
1702901500,346416.5142482732
3755100005,525315.7809867894
3624039074,301117.7973836706
7950302995,433793.4537657622
5273200060,598010.0551800267
8025700460,264100.87288434646
280610020,1111754.3374444596
3333002450,365843.5976753853
7379600240,507652.33481617126
4058802300,344453.17623602954
302000065,196913.24239887545
9527000180,580919.7637093458
3626039403,378623.1950337472
9510900360,250619.82753199074
2310040230,358925.57858264825
7308900490,539456.0463702538
2206900065,469227.8914763
324059161,939110.7787255791
7345310100,230522.68118981694
2422049107,307031.76061503304
8146100095,688816.0806695244
87000283,344378.02021974424
7937600010,346582.0262009251
2618300350,265139.4520575512
224069102,495724.3856593698
7129302095,243482.9460358645
7352200025,764091.4549842594
6163900333,331581.992775496
3528960020,695929.9390109335
1687000220,286672.68122255534
4141400030,582084.8614812935
1822500160,335887.05874766293
5467910190,372835.24405516643
9331800580,278247.5099942449
2407000405,190397.20829102414
5466700290,270276.8217958235
3026059361,471330.24879319884
1523069096,531463.9902971464
3876312010,450584.14318864787
8832900135,976249.693504164
9238900616,538877.5408239901
4142450040,285284.5314830516
9282800065,268273.923522668
5379800862,340624.0998764225
2459950010,274769.35643440724
4435000520,216264.02146559817
1552800010,333392.06131244043
7549800543,325859.0482502031
9828200460,422278.34983719606
6345000160,1032838.7538192943
7129304105,292876.30414001684
4302201005,298133.1249213107
2450500110,752094.082047848
5166700050,490057.0305381403
1085623710,401208.14065224456
1123049129,256387.9530220172
8566100200,997279.792114064
1774000780,443528.54916210385
9492500170,854295.2868847082
686530530,693828.9930643146
4022907770,528423.5032522512
6052400975,262350.25787671667
3438502501,453609.48216616426
3758900023,1125146.838571877
1645000580,247879.18858546877
8099200030,244522.7152897693
7635801371,485785.89751801343
3456000310,858247.6998804741
2025059150,649704.1227357475
2624039114,453612.45115864795
3348401095,297702.1171495293
6633900170,548167.1714716357
2600000510,724898.6406023401
9414700020,339445.2725123349
3204800520,412276.02164807456
1844500025,355204.4908125144
4137010590,406875.9980060976
8564950280,547468.727931108
1338800491,859459.5459365026
4058801702,950305.842652163
461004720,556990.4766416874
3123059107,583971.0480974612
6819100380,543799.572226966
1193000390,940121.247908474
3450300270,304339.6244059129
3110800040,270231.4932294753
1437910090,499039.6094479416
3645500050,433169.0007406273
4338800600,255196.42332539227
2114700530,331079.722339614
6381500450,343809.1444787703
9206950200,285350.31996198377
4232900940,813040.4339977637
1025049174,1190160.5386946206
7774200070,627088.0766571952
1231000310,429526.8631521485
8155870200,282340.3440658515
7935000625,1148014.210323679
2426049079,321872.56776159524
4037500230,497175.9027423755
2331550120,342608.9448204719
7974200765,516766.7712915653
686200510,573972.0832223985
4024100670,428455.722238539
3834500195,507698.4278236922
3526059115,589711.8014908734
7950304075,339285.37791230134
1386800054,362081.6204585987
9834200165,579761.7036074923
6147650300,337037.9013955692
6891800360,569146.9366219509
9170500060,589343.8822166756
65000260,709945.139365556
7784400130,508402.20933710434
7941140070,356112.2824619507
2122049096,201357.6705688097
6003000851,337781.91318815923
7203220050,988866.6183081665
8898700960,300763.2952107676
5245600105,220826.212153388
3530470190,173530.764488309
7883603965,265172.6214739621
4022902505,475854.7901272739
3211100240,330305.28445302474
5119010090,554954.4296468846
3821000100,238011.61421850423
7301300050,419278.6596108619
2171400197,412823.95532697986
9471201175,1438918.6624563683
2473450200,406024.7449526623
2258500045,461681.89677336975
1139000400,451961.72891408205
3298701025,266400.8264456334
1498302774,363044.6124039491
9276200190,611302.2803865684
2909300240,650649.7530912103
1250200693,589114.2615915035
3101500010,338990.90446728823
2557000630,272462.60171249404
1324300091,409440.87611965905
2826049260,441063.0104316069
3342100421,666306.9894178419
3524049083,342003.8537060414
9103000393,1345764.266853899
3121059033,274546.2035589721
7853240200,578697.835948198
7950700120,292761.0169051644
1822059057,164146.06774726833
1219000473,313707.9373611426
9272201385,725022.0186588148
1336800185,1186388.929882705
9268851630,413277.3287558175
2788400315,249778.08170182607
3529000930,590533.0500646959
5631500967,475414.1360968406
2188201010,251400.85828855724
8562970040,763632.3833821471
4415600030,350702.19706112327
2473251170,289303.52727054723
7511200020,589085.4854358904
1163400020,268740.2176888573
5412400180,254271.83970759838
255450400,334029.6551905797
1687000210,283800.51202641695
6749700004,305546.02677837026
2738650030,534916.3748707958
9136100420,743697.5585300693
1924069115,764409.6377402007
714000155,636469.0583852543
904000045,749373.7730613023
3395070640,302696.6261113815
6308000010,618875.6550584756
2695600130,356052.0412705927
3626039279,383472.40725280263
1623089039,250770.85135726474
3438501327,324477.48002343473
8118600025,376180.11241596565
7625703435,794243.9115108154
1807900300,674285.6354581971
1862900360,303281.23728788353
2768100186,496344.81356035994
2524059269,923614.2444149683
1126059108,906941.3399217617
7856610130,862672.5652524836
7203000200,245887.18490430148
3630120700,773290.2824608515
1612500090,194290.79408031274
3586500620,1015100.3823950415
5207200360,385969.3354454051
6675500035,395360.35668765823
1781500385,360270.3795728214
1150900080,854318.485008998
9541600355,931055.3490841165
7525530670,763194.7224508489
844000375,390336.94704414374
9578140180,319796.9403684191
9558041130,337583.54341090424
1788800910,195649.03263826048
9550200225,493533.68217746366
8643200055,260887.36710636676
6143000020,262132.5069386346
8941100095,1201042.7056528968
3630010020,429938.03305697633
2895800610,333223.0532259936
822039084,573913.2277959735
5423600080,544751.9418544305
3992700775,436339.13053178514
3816700150,481504.3634638657
4083302485,675347.8863052644
5127000810,350437.07740764046
1725059182,1280000.427656489
9485930120,391943.9271059814
293850040,653580.1995586295
8731981940,311016.29468581296
3330501545,330290.0735673
1026069061,814682.5240987358
8121200710,519830.2043074015
3764390100,462226.86203929747
9493200010,338795.3524528824
2902201301,594594.5808386831
3444120130,447432.46038428746
5256500025,476686.1715731698
4022902715,540200.7349984174
871001500,704438.5001535692
2329700440,186063.57132440555
1773100275,267609.12618524727
7852160070,992387.47395701
2141330560,675610.2569142032
2505500009,710826.9822812611
8647800150,350070.0180295768
4337000200,233715.5220793268
9264901680,235842.86610331942
1773101050,335297.31150964845
9320990120,317761.2303022871
8856960280,324751.2609746192
5589300585,307001.9978013087
7935000595,707111.616848218
7203150080,676580.2775839635
5616000030,307159.82685566606
825059178,1983643.1406751836
6666830390,754278.8899394304
8732900840,681932.1246750426
2095800520,487627.79171707336
1771000760,349839.591534887
1901600090,390678.0404371442
8857600680,204234.00973237492
4038700830,551870.1308696793
8956200070,425419.2094268261
8081500050,1879838.6858998497
567000755,476587.6225698701
424069264,743828.1322505545
1564000410,798259.4722748675
2817100910,288560.80117534875
3303960080,920363.0364601025
3340401535,175342.46381481492
1622059095,270464.654605817
3278601940,403087.1559670927
7202380120,463362.9858247825
745500010,768526.7224593803
6608500220,454216.0643924707
8024201055,368235.19888805685
8929000140,459949.4644755886
859000160,338010.6445132836
8673400061,388020.53836080915
1269200229,804982.7074843209
6705850300,763375.702573117
3395040550,279403.6359904309
1697000370,202706.61790038232
5245600120,253310.51412206085
8892900180,226443.63925821643
1794500360,672516.0728613203
2025049192,546738.0064191081
1930301325,958735.1131430425
4217402162,1018727.7745199753
8126300410,579868.1813317605
3345700215,523644.39518009254
2887701420,451418.10046569706
2887701251,388660.77538871276
4036100175,635850.104407222
6762700515,1002518.132564313
3192000085,208349.95258491053
226059096,1283277.4416622245
9238900855,435384.34527312475
6706200130,315157.06322710594
2744000010,286542.74930949276
7202271060,642942.2266923842
7923200150,542494.1563449469
162500030,307400.2522260873
2571910210,275804.0383130965
1523059105,334526.3127235396
6052401215,208087.27726415973
6626100260,756805.2613399222
8925100115,1067556.6584949647
5459500165,869364.8938661204
7686202635,194392.43510746252
1118001370,1128392.107104224
122029066,418810.2217749456
8039900130,322478.803316655
3262300235,1050285.3505733614
8860500300,336679.31908368313
8956000250,554863.5820155254
1646501920,524683.3108125669
9284801500,452013.11449863145
1442880380,449929.1898143284
1311500020,265618.15175789356
254000695,352670.6500950017
9477101280,429109.69520767673
9510970530,655822.9375986992
6891800500,574280.2704006934
9407000230,289568.9499247196
7202340590,669276.684231694
8151600590,402964.69186487293
9407001600,301490.42539293465
1771000690,336681.9005122423
1525069134,976196.8849661922
8645540040,293090.3144641083
9414500200,419065.6244191357
7883607645,223335.52361963468
3845100140,336775.9214084882
2726049164,453861.08202249784
4340610040,325372.4380412989
1245003006,1166690.2869139735
1105000373,309287.85112643556
6083000123,214747.4954968072
1777600450,613006.5371042372
9558000100,397196.0447058778
2473002060,344085.9861052123
943100689,382510.06255596696
7544800395,434587.56903885957
1931300090,628788.5464883132
7936000252,467016.00674748974
7987400316,301965.6683410896
5152700060,619903.5526220012
1721801025,205674.17519638358
3438501450,275868.2733790596
9222400510,464006.97010122734
1796700160,272195.09100932186
323059208,341753.7184853799
3392100050,198332.50144783588
4038500210,651862.9287366441
6324000090,398860.8023060302
7549802535,395425.65078450565
3343900326,438042.8920494019
5701700640,835898.6457501261
5249803185,555787.4908268295
8838900032,816846.7680830576
1237500577,928581.943242993
8642600090,281094.57928392844
3303100075,460911.017629051
2133020020,386818.32766679354
7950302890,570482.54132428
2770601734,608011.0651501232
2538410140,373960.5304093424
8159600360,597204.458455582
917000300,409997.62433671823
2391600330,379894.3685513571
9285800585,481893.01215765224
2005950050,255196.94011297522
6450301835,345036.80245903885
2473480520,324535.0724419194
2818600010,1138966.6363544436
952006728,349362.1669794012
3422049088,265374.25569702947
3629870420,939129.7458454045
1079350090,301776.24733612227
1509500060,399909.437356411
4039000050,458430.9866790468
5288200230,618572.7339527883
626400020,792089.2867656915
5457300095,1512651.9542670287
5000500055,229388.79523509325
324000530,457642.37290309806
6713100031,416328.01461018797
3316500200,526385.1751214972
3124059006,1506037.1245767586
1125079111,1436136.8710534028
7852020300,474518.6886292199
123039364,228007.04378747023
7883603190,269317.3596130268
9828700900,585589.117983681
6821100015,670742.1848193416
9522100375,792430.7261919682
2420069201,240232.90120690028
7504110330,730929.4183635514
475000510,555013.8853157207
2425059074,760711.2301296024
7518503685,385581.85745138454
5466400550,225972.0529094679
7852150720,441623.96970268653
3066400140,613166.397633169
3298400470,536116.5943119609
2902200874,707930.4837605958
9500900110,219151.8031246575
8835200160,314931.7523309091
6056100295,318247.3996969704
1858600042,342980.33943529986
7224500010,250335.9661484923
5457801925,752025.6013770422
7575620750,258717.40282404528
2391600735,503092.6797315207
6192400180,783936.6354887928
5249803870,520002.15225398616
3575302880,376925.2999821251
7225000045,216466.9769983622
5561720180,270174.01798842684
1972200428,512693.2788552267
892000025,168166.9488938654
2944510080,304193.3927281496
2428100100,781177.2413170022
6647400250,436403.1609321342
121059038,428886.0903965389
6398000191,426781.7364386431
526059103,317885.84747386695
8856960720,325026.28484432603
3832500260,250318.29346222075
1623089025,438339.76183007844
3625710080,1162878.1859502501
6446200060,686426.4029768463
5706200370,451899.7543638647
5515600088,223548.4444545043
8029500360,350734.4365786904
6700390150,255583.1785298019
642500080,385880.2224221483
6150700264,376701.674761238
2473371780,394570.99839032156
3905120540,597734.74504238
2652501215,650565.2588644598
3176100110,635714.993512046
7574910650,784932.5944062928
6385800030,300299.6835353727
4443800960,488733.1117611226
8731951490,285860.9332707387
3380900125,350338.4365335842
9828701508,641777.1690995935
6699950310,346392.98472950415
3321049112,413924.1976832966
1824079052,963174.6444206712
8032700140,859631.1022606092
8679600150,623382.8173591165
5040800120,925945.9890359672
2026059119,399838.70767949714
4024100951,490475.1085948184
7212650990,317281.95526382764
936000060,312344.05725749925
6181500340,334939.9633202226
1137400050,436133.30348364945
3324079092,403890.6630356214
4268200055,270653.4236310877
6145602240,398113.372990931
475000176,448472.3630004247
3279000120,237530.83671898465
9392200030,260026.4488290547
3438500714,359437.1292868547
4306500070,396550.8594987309
8588000610,188197.3559459618
792500190,332408.57549500896
2461900850,462666.83338677406
2660500365,301796.8218392357
5451210100,766845.6883017616
2787000040,286472.6789148751
3278602670,218767.2760568597
9528100899,619214.4288369863
1324079085,328481.354253769
9477001140,410022.6783808845
9521100880,779975.5793946158
7853210060,420128.00033780583
1326069094,518103.1910532228
3420069065,389984.63736332365
5468730280,272793.82060270134
5437600140,334989.0915769159
5127000410,367736.4427814644
5445300050,528184.6747899272
3375300360,233441.85491042334
9297800165,549313.1217305149
6021500840,631563.2844893294
4323700230,501977.28206768824
643000110,242214.39344922997
8043700105,2264070.8287021327
6824100014,413773.8491861011
9542830480,328524.2159328593
736100065,740035.7261316377
2592210510,931124.5096069999
4233600260,1137394.6641977287
1266200015,732389.8160193136
2787700060,334147.985124012
8843900396,410790.29673641955
8029500380,249251.1202657521
5292200010,455033.2301108387
1773100980,344550.03007715126
2886200070,596298.3262643657
8594400110,321305.4139694356
9268850180,326774.9265091247
4141800285,1496893.134568085
3188100007,490709.6494423403
1796380960,262507.5552774204
7202330030,459487.8731485116
8078440140,581041.1415664266
7983200060,215166.27365975548
4427100025,392988.33418095176
2113700510,265368.3888652069
6446200305,603222.5557743922
3425079088,610412.5376710547
3304040130,327736.035781191
3222069153,283901.0714166263
5127000470,359489.52597602824
7525100520,400398.2658393563
1868902745,885476.3007213651
2920700220,336959.6643507007
1105000780,396998.79317278217
8563080020,837520.8055627461
3630090110,773033.9861570925
856000195,1953920.8669974997
8649401000,214981.94958744786
1315300095,737424.3797097118
6802200670,269477.0267329688
1523069022,381975.1149191443
2624049165,462741.2403314504
1972202080,582359.6124177759
7211340030,286239.162244408
8850000180,428680.58469995804
2787250080,523757.8128015214
4235401055,543096.1577777545
5226500250,470526.9849795256
3294700421,298399.1081088994
322069180,740560.0498523017
1025059186,496760.50138096814
1923039022,504409.5184977645
1402600110,354753.815484629
6817810190,389818.44721588586
434000030,638619.4601332651
6056110460,666769.1930165956
4337000285,240731.049737225
5710610250,608282.2414398866
1049010620,252278.14389794256
5112800234,359848.60025391896
2309000060,494871.5568877556
2985800030,562159.5011892708
1604601570,383287.28048517706
1563102435,603959.9094381343
257000105,200849.6418997533
6788201440,792724.6132800542
1442300005,407934.919534446
4055700784,789599.6352778693
3889100029,808684.6526187224
4139450760,1009927.0998658711
6079500230,649499.130007342
259601010,388771.35686793714
3980300020,216739.46734622348
9390700100,487370.11815609195
7200001005,483668.9568937352
9264920250,254867.86719757688
8682260470,424046.61803909595
4083303815,789608.3395008728
7383450250,334323.07000602956
253600180,419823.02199545037
1450000210,189965.44527524395
1133000100,395030.2493324461
7511000050,1179306.039711788
5710600030,540482.5727884815
4178300310,763314.2287571423
3041700570,520801.50615667243
1238500978,456062.83215996774
431500155,653397.3625841155
2937300050,1010166.7427893346
1352300315,209087.72087597827
3277800823,364353.86737253604
8895800110,992299.6215394892
9274200318,566029.0800746247
1118001805,1971603.6153750413
629810720,831153.3076789405
6852700476,595146.387563075
7345200650,215478.47027064633
8929000290,399277.1269464699
5506500170,567223.7657445444
8899000140,231479.96397463692
4006000423,320153.7706468032
7137910140,257120.6051054806
2423020010,462393.1110083153
40000362,131449.99014917252
1657000070,241365.6322874965
2124700015,290777.3694633649
1887500045,274870.1736131334
6838000170,490241.538114995
1310910290,321412.133528333
3599600276,227442.30700964297
8142000080,377128.8733844419
8856971000,287778.1992811632
624100950,742648.8819887016
2767704332,476591.6404650833
405100165,395397.807852571
6117501755,343490.6841775158
8961950410,324857.2849902037
1523550480,560393.7592171978
6840701160,629426.3168478193
3331500650,336040.2277772322
1862400517,380591.6652618003
9558021000,365071.6953700379
1310800090,216082.05113565148
5104511040,332256.1475858542
522059189,235662.86746998897
3448720020,394026.97488652327
1310700330,261746.720842641
5649600462,327303.12711519777
1853000510,1056248.836972429
8128700005,336658.2426703218
6352600210,843074.8871739369
3754500010,924150.8218071907
1962200475,894605.3718978331
1773100765,238564.52907435806
8895800200,933370.9352936762
1310900260,310873.90771853854
809001525,1024256.7935530288
2624049103,367002.10317287996
9191200380,609636.2157458751
6600060120,454797.71265714074
8150100045,278094.6416059813
9558010190,367715.4188694928
4038700930,539005.4046634353
2883200775,563387.6889858613
4036800910,474773.6552928132
8673400177,586954.2258000772
7110000068,744666.2339665898
3279000240,227598.19731244392
9545230280,519005.8624337467
8815400105,583800.2043415812
6738700075,967450.4935855375
8732030490,289354.42507751094
9532000070,516058.5810474293
7752400075,469148.69866465253
3824100051,390954.23470872955
2768000270,540192.5126425092
108000127,497257.87028390984
844000225,269195.18042397907
6817850040,887244.3531739856
4447300137,1020268.6578655827
8598900125,363711.7400916528
5072410070,459526.43366222305
7129300520,235204.05600686636
3830210020,193472.96501787932
4137040250,307440.6781577866
3022079080,679817.0064862964
722039087,239204.33624786587
3924500040,664557.6544171672
2473381090,336955.3715747533
2201500490,340661.53630487685
9265410090,237846.1702034423
9286750100,387533.29702179
2023700040,640311.0158738378
324000280,604966.6753659375
3814800280,367910.31569925154
7697100030,497032.30052423116
8731900790,287584.3189422515
8044700010,529033.5723086612
6123600100,195535.1496120897
1450100390,192499.4673690207
579000550,398360.2032755417
2459000020,330336.4034952682
5016000315,487350.6217742457
1193000190,843826.4821096011
4038700730,513923.0425627988
1556200265,773298.3008934101
6600410170,240112.07213038998
642800130,747844.3366212613
1043000100,364416.71011271945
7809200055,229563.48453028747
7010700308,1171083.763906585
8680500090,544211.1304771623
2719100355,601435.1187856481
7905200147,536443.4932562284
271200130,225473.9190024503
326049103,536946.911720706
8682211030,421891.1814590212
1070000390,1192212.4373454244
8648700450,648886.0387537834
2695600410,482559.8485497593
8562710640,981209.5741084472
1525200060,705863.5624870325
1822039138,563631.1417126799
2767601375,526731.3765222299
3425069117,1338182.472811559
952004570,382221.9011856096
7625702616,308360.9337443202
9818700430,475127.5741950408
2822059091,271283.82787351176
1775900220,347474.73545499507
6371000079,662713.1399033518
293760150,941168.4257637593
1336800880,1541384.1687105857
2771600550,1513834.9815015472
3905040040,512270.22753600276
7787110060,450819.86360757623
7708250040,355538.6833775311
4022901316,519566.30576611747
191100235,856117.7782566492
7852050220,357750.20917086664
3293700480,364231.1059924555
2597450620,1256562.2142702006
6169900580,1022869.106888325
2767602855,738639.0072689035
810000080,938712.2994652883
6392000625,466283.15509739757
1865810290,183875.419847694
1568100380,335590.96991087653
5249804760,361610.02206093626
1337801060,799265.5206261545
6181410950,244661.90158917682
9264900660,304109.78737923
9122001231,670213.7636835208
4427100030,382500.82112059614
7334400070,282961.7294944453
425079001,599687.5304423217
7436500360,516419.7694890471
1245001295,684814.4616870108
1310500550,283971.79902700725
4047200950,239891.88945412202
9103000455,808571.545992179
2291400341,321100.999014449
3876100310,425963.33289383043
7131300031,252433.4752965823
7853380510,653964.4906739836
7409700215,753492.6691261508
5248800250,413498.6901154653
126039323,385502.40740567906
6632300207,332745.5527690079
3826501060,255437.4163610822
8024202520,417279.1594497501
3343901401,464124.3611048117
6431000005,567431.5540857728
9232900075,350894.20129856135
3056700150,227960.43405423156
5104511250,496934.52142044745
3658700510,660008.4585735832
2895110062,315257.295743908
7454000990,248078.06838830147
4038700680,542022.457503807
7811220070,477155.179001491
8091670030,346135.88194888865
3438503045,276622.31008633017
6388900710,542779.3509919272
7956300020,189357.20430916577
1775930440,480915.77228482225
1762600190,883757.514891292
6600400260,226245.41172229138
8728550150,534529.4932693819
8155500110,582415.4444194768
9169600135,475688.30000636994
1777600490,670994.3956357767
125059179,578176.2977569893
7558700030,3494306.009829159
1702900624,332415.69161746494
3343901403,528798.7550192319
5101400994,382178.2381761007
5547500050,263799.4495112564
1705400350,310599.97706708434
629810800,875986.2114476622
4104900150,507608.9805037052
7888000390,210792.7190189523
4140900270,362864.68440730276
6649900030,359187.428855126
820000012,398090.37516435323
6151800080,281610.7793690244
7454001060,241687.4518607569
8682262330,406605.6436106378
1566100010,382473.368552924
1180500070,433678.961363326
1112630130,383126.1457755853
3101500090,417564.05084992497
8682310220,707779.05116872
4032500035,416856.235056253
1623800440,512535.03365042346
1088400190,267361.04649546667
751000080,419231.51554341597
6675500070,402410.8038437763
2193340140,556182.1654530155
522049074,363557.0272305056
3204500340,252838.88161710437
5104200470,449676.81606228324
7517500611,670422.0167084764
2946002140,258462.87211055928
7631800110,787632.3122800144
3529300330,320508.94864703994
3885801970,586903.0685734146
5456000570,954547.5998573384
4123810090,359975.3128294872
4037000635,516371.83846270246
8079030350,461490.37301936775
1726069060,658214.1467210369
6858700225,220650.7856592945
3356406510,242552.4113520853
5423030040,606479.9949095089
3111300040,426337.96001358615
259800060,459247.9793559712
1972202320,540665.5272167503
5100403818,351988.4969524349
1422700040,211824.76939605176
3625049014,2634928.545987377
7852011040,614713.2792299252
1201500010,720720.8598847326
7195800009,328313.52640480996
9407001320,248145.42793254842
9508850100,616809.4683871152
1328340380,290708.3582470567
3885804305,837432.0118654737
7128300630,741156.0129738823
7574000080,377273.6223030147
3744000150,424114.7814113966
2607720150,497908.2435286418
7203190110,702932.7002754676
3904902430,649043.1056726945
11501160,815749.1795904674
9209900315,544258.6297228902
9465910030,566160.2272588218
3622069103,710575.2034097017
3288301010,496469.3802144444
4395600060,744089.639698625
7694200380,332602.1276867048
9552700550,692937.3309116841
9264921110,268433.39160118584
6738700225,986766.163109721
293620220,832370.8330046472
7525300310,573498.7793065427
3992700036,384650.6244185764
3577300040,447337.70419333165
3812400202,198416.45188450214
2402100055,666156.0960577666
1853080790,847952.0020907683
1994200260,676403.7109251238
1339300025,797934.4130790634
7616200050,579971.2990204183
4022902555,791310.7518805509
9528102110,679895.5612962586
6613001241,1345843.3000997752
3205400240,351541.04139329214
6065300840,1382614.385753584
7852040080,545029.9065075233
1920079039,334377.1203697094
2817910030,416665.19532279734
1563102880,691916.5476309098
8561200110,552962.3352375714
629000605,1216938.6776585307
2781270440,247048.49892474036
6152900273,315068.7902904106
3303950130,385312.8034609863
6411600113,362101.9272777315
4055700167,931900.0094693162
291310310,595205.9076252347
9523100550,784807.9998335083
724069070,1173155.6473388525
2408800120,461568.9002345593
7559600200,637710.221613751
8165500790,375952.0513075462
7856620870,842029.478352842
1588600040,383530.9738596144
1023059246,485893.74531137414
1938000140,759336.4097789548
6061400160,386866.4786157737
4167300350,244264.61066265244
8649400790,324607.4103697404
173000036,328844.1147521348
225039049,646598.790663249
8043700300,2499955.9017055198
3834000400,388115.9727768737
4054530260,1809295.5004170751
8724300010,771490.0400870073
9358002232,382315.8977579538
3298700012,235722.9934020728
1125059071,1024469.0569101657
3885805300,576152.0307545189
5315100784,1225764.4542222312
3861400030,752794.6360815859
7202340010,662968.2841360194
7272001805,316892.97190865397
2781250230,311454.6824036175
1042700300,841921.233030269
123039279,184358.73568738133
3760500336,1163559.5410955264
6979940100,803053.035328206
686300880,639239.6306048906
5214500690,413341.26595231483
6021502250,612725.7606971532
1320069223,321913.098477611
2871000300,775142.9658557546
2724069117,470402.13413871656
1159400220,737485.3810307177
2571900380,267771.16600497416
5528600050,369421.5100035729
7686202730,150064.41729109935
2225059118,940246.1672481728
2558630350,444059.5354263491
3655400060,378301.6284049602
9558200080,292519.3344382659
1796100015,540363.5105119507
3378900020,482668.5741258833
5416500040,317902.2697889057
8856004582,218268.07937839214
3812400107,386096.0256342704
6126601445,518960.7836421861
2997800021,437104.32019325136
1211000280,428934.6761239304
766800090,257016.91371965292
3224079005,309493.6607605183
619000100,324511.27080251765
4319200620,357284.7671415855
626059335,531834.1289896811
3340401570,271840.95260205766
7015200800,646802.7623163427
8106300510,504049.52733213955
1446110020,475629.1159559455
2872900280,624100.7373740524
8965500320,671179.6379950107
7853300070,493236.56501988164
5652601455,658393.8525312241
7579200915,1099870.5610450816
2641400160,367891.8107539733
203900460,438341.87544929
2998800040,592201.3667539146
7519000170,564248.7073630096
923000425,744354.426804741
2973800030,201066.91396413368
6430500182,1053408.3867073415
7304301010,374421.7018272901
3861470110,1835876.2441793717
2296500136,747999.305541918
6790950150,721563.5450134913
8123100045,489114.89106251235
3142600130,610924.9378463716
7137970130,324320.5594672993
8656800190,376353.00368822116
7135300046,268260.23629641294
3629960680,445865.63954625704
1133000385,644812.6750691272
1085621960,295433.8417309432
9542802000,177446.16678452614
8151600973,575129.5619719503
7019000050,366455.1295512081
6021501920,605887.3163691541
7399300420,231122.7691204505
7548300731,643926.8962874553
5316100220,888228.2345978706
5152600090,301895.5782109068
1703400470,353321.25563736574
7316400070,325613.78274219827
5561300380,493119.570679013
2215450100,327596.29331696196
8635750330,647905.2766795998
9492500140,852306.4023186126
5315100393,708659.7738710204
8588000315,237903.20011162458
7524200180,237801.37580066398
4235400255,410785.2037266216
326069131,586528.6904950943
4077800026,740301.0749560241
9477000120,353952.09351406473
5608000590,1028992.3979532695
4137050130,279790.4207413418
5249801440,320771.08744713914
9264901510,248525.97343984182
5437820250,207845.4382539284
200500410,466923.37408880197
9407111100,278552.11388708383
126039252,396940.94006637565
6141100255,444328.3042538073
3013300830,356306.14088169497
3271300955,886500.7848408612
3021059276,265409.66595947545
9542000050,685978.259583651
2769600035,782719.3704308646
3824100364,520568.88350193424
1726069202,356044.50204898056
7327500270,369786.5279648975
1189000207,455432.2932667212
2472950160,275272.1362417969
9558040050,535934.1483782729
3438503120,336452.2986035311
9407150240,280703.8033493505
1370804295,673891.7037488769
5700001100,667159.2659880227
6837820030,406106.06449410255
5411600210,825667.2072918367
5061300030,205020.70962392542
525069133,927220.3193766935
2121000250,336117.46350199514
3179100720,568926.8063001584
2780700050,452049.721812112
1545805820,251508.71861116178
5702380630,267981.4175617273
9211010260,562370.0817871072
7129300595,257470.93125343035
6802200100,240924.63391631897
3304030140,428723.2063295792
2623039019,756934.9854179937
104500730,208287.23361691844
2924069132,594329.6568997751
1775500310,630915.0371928914
8114000040,312231.59210893326
2011400021,452848.2747415511
7525570020,674699.8032362356
2917200615,412603.07213031885
7697000170,294031.10106687294
7871500070,762372.0771375796
7215722010,476126.29594519566
6300000378,449034.2584077541
7159200005,2283580.68895106
8946410040,406017.24180141574
3893100327,374386.8748754114
635000009,1008079.999891776
2322069116,467402.9216181997
2760200050,387782.47367900086
3432500210,309923.4011736192
5700000245,579279.8929321045
7588700177,343087.89253792237
9178600135,605099.5308398468
9830200475,518640.26720432215
8562780160,321672.4384630984
9826701665,589605.0042165122
7504010900,645638.2289819639
2770606915,492043.9200248449
1254200075,600685.7683647538
2473450430,418888.4915738962
1433290010,477712.494676905
7586200061,355804.42141038214
6841700070,462734.3143339065
9826701320,530272.2538939457
8943600720,266770.30151047796
6791900260,792763.6600727935
2301400640,710632.8581265993
7979900210,372289.31220364757
4037200665,418767.8517262993
984000650,288276.6953956346
2937300060,944523.7416707046
8731982190,247824.8331074325
1445200190,256443.99649390916
952003285,756498.8434935971
1402970020,409498.55965377827
2487700274,454966.9485759996
8113101670,365357.33784103737
8682300400,632488.2734289595
809002435,661410.3973759334
4045900147,577551.7763871345
2991000400,275866.4812776371
9456200405,194034.92843619647
5104510370,310132.1034950638
9414610240,465373.2257572885
2111010760,369935.9647045412
1854900430,653079.8039795257
2624300080,920009.1500069092
3645100280,446287.6167746734
1433100010,272491.0887263558
9533600100,1006460.2316411064
6743700030,548624.0364462632
9294300070,700461.5252563617
2114700540,283928.8881987402
7853280550,717390.7687530125
868000175,611654.925898037
1446401290,237070.10547847598
9109000050,296516.69554636086
8856004327,253813.23916796644
2329800110,265769.90809291933
3031200230,436833.3659123987
7582700075,1422875.091582921
2422049104,163419.90099841144
9274202885,566311.1992909015
1770000090,421231.7733618802
9500900430,233501.14551792404
7305900082,348568.49032563
3336000170,295854.231224521
5680000455,779893.7485332981
9808630210,967000.529619852
8807810110,539358.1467897273
3824100211,481872.1225818502
3423059153,479289.2516610647
3937900120,500242.1366679494
524059323,814189.8400366515
4305600250,554639.2576778767
1257201375,592554.1031245881
853600150,1248949.3230546308
2424059174,1531214.9717164044
5205000400,299840.621383451
2658000115,193487.73057364492
3055800020,283768.51452223095
357000025,682844.6796798148
5666300010,335585.4996952468
4167700210,240835.8559460116
9187200275,675662.6566786272
2960900040,435554.22003308515
1021049022,259363.35548830865
7750500120,213815.0382953926
7153200160,1363792.6617668243
4406000390,229374.94911506042
629800380,1541429.5201510256
2026049125,290414.99884446734
6117502230,1507822.1302931434
3379100130,510414.6939924096
2472920140,450375.5176373578
7214720075,549450.1505705666
1771110070,334882.59860065865
5127001600,323111.8225896208
6666860210,317410.7251222832
5467200055,341361.78871557
7819000040,384288.40763865976
3790700070,303556.0352350255
6362900138,361379.72879808286
597000593,356574.63711310196
8032700070,668654.7939593485
9301300215,963207.8611754015
8902500118,424402.1580994753
6607000095,396538.68280779786
2163900081,788813.300844174
7732500270,726828.2934586988
3856903515,668240.6281759496
2557000400,283045.3283493709
4386700135,1805394.373078243
7399000360,333423.8462868751
